id, s[GeV^{2}], <Q>[GeV], Q_min[GeV], Q_max[GeV], <xB>, xB_min, xB_max, <z>, z_min, z_max, <pT>, pT_min, pT_max, Delta_bin[GeV^3], xSec_diff[pb/GeV^3], xSec_uncorr_error, xSec_corr_error, y_min, y_max, W2_min[GeV^2], W2_max[GeV^2],target_mass[GeV], product_mass[GeV], N_gen, N_reco, abs_stat_error, abs_sys_error, efficiency 
1,10000,1.09796,1,1.77828,0.000136954,0.0001,0.000398107,0.133143,0.1,0.15,0.425044,0.4,0.5,1.16005e-06,46.9207,127.196,1.69175,0.01,0.95,10,10000,0.938,0.139,1,1,2.71087,0,1
2,10000,1.08856,1,1.77828,0.000141462,0.0001,0.000398107,0.114191,0.1,0.15,0.65161,0.6,0.7,1.16005e-06,46.9207,127.196,1.69175,0.01,0.95,10,10000,0.938,0.139,1,1,2.71087,0,1
3,10000,2.72343,2.37137,3.16228,0.000871742,0.000630957,0.001,0.132175,0.1,0.15,0.783053,0.7,0.8,1.45939e-06,37.2968,101.107,1.34476,0.01,0.95,10,10000,0.938,0.139,1,1,2.71087,0,1
4,10000,3.12971,2.37137,3.16228,0.00112152,0.001,0.00158489,0.0912295,0.05,0.1,1.28671,1,1.5,1.15648e-05,4.70657,12.7589,0.169698,0.01,0.95,10,10000,0.938,0.139,1,1,2.71087,0,1
5,10000,3.40605,3.16228,4.21697,0.00149145,0.001,0.00158489,0.0617623,0.05,0.1,0.462815,0.4,0.5,3.08438e-06,17.6471,47.8391,0.636277,0.01,0.95,10,10000,0.938,0.139,1,1,2.71087,0,1
6,10000,3.98138,3.16228,4.21697,0.00220903,0.00158489,0.00251189,0.0550105,0.05,0.1,0.721638,0.7,0.8,4.88848e-06,11.1345,30.1841,0.401459,0.01,0.95,10,10000,0.938,0.139,1,1,2.71087,0,1
7,10000,3.81546,3.16228,4.21697,0.00159166,0.00158489,0.00251189,0.0808086,0.05,0.1,1.23423,1,1.5,2.44424e-05,6.68067,14.7871,0.240875,0.01,0.95,10,10000,0.938,0.139,3,2,1.91687,0,0.666667
8,10000,3.87438,3.16228,4.21697,0.0039625,0.00251189,0.00398107,0.154573,0.15,0.2,0.679759,0.6,0.7,7.74763e-06,7.02544,19.0451,0.253306,0.01,0.95,10,10000,0.938,0.139,1,1,2.71087,0,1
9,10000,4.53008,4.21697,5.62342,0.00222003,0.00158489,0.00251189,0.0852669,0.05,0.1,1.36146,1,1.5,3.25945e-05,3.33986,6.4021,0.120421,0.01,0.95,10,10000,0.938,0.139,2,2,1.91687,0,1
10,10000,4.4233,4.21697,5.62342,0.00217372,0.00158489,0.00251189,0.111389,0.1,0.15,1.10609,1,1.5,3.25945e-05,1.66993,4.52697,0.0602103,0.01,0.95,10,10000,0.938,0.139,1,1,2.71087,0,1
11,10000,5.40918,4.21697,5.62342,0.00315369,0.00251189,0.00398107,0.0668458,0.05,0.1,0.769021,0.7,0.8,1.03316e-05,5.26834,14.2818,0.189953,0.01,0.95,10,10000,0.938,0.139,1,1,2.71087,0,1
12,10000,5.48023,4.21697,5.62342,0.0037061,0.00251189,0.00398107,0.0858528,0.05,0.1,0.82085,0.8,0.9,1.03316e-05,5.26834,14.2818,0.189953,0.01,0.95,10,10000,0.938,0.139,1,1,2.71087,0,1
13,10000,5.27093,4.21697,5.62342,0.00333903,0.00251189,0.00398107,0.0788882,0.05,0.1,0.950277,0.9,1,1.03316e-05,5.26834,14.2818,0.189953,0.01,0.95,10,10000,0.938,0.139,1,1,2.71087,0,1
14,10000,5.45057,4.21697,5.62342,0.00356712,0.00251189,0.00398107,0.0821642,0.05,0.1,1.0158,1,1.5,5.16582e-05,2.10734,6.99661,0.075981,0.01,0.95,10,10000,0.938,0.139,2,1,2.71087,0,0.5
15,10000,5.96816,5.62342,7.49894,0.00387857,0.00251189,0.00398107,0.077941,0.05,0.1,0.891421,0.8,0.9,1.37774e-05,3.95071,10.7099,0.142445,0.01,0.95,10,10000,0.938,0.139,1,1,2.71087,0,1
16,10000,5.67066,5.62342,7.49894,0.00371719,0.00251189,0.00398107,0.061438,0.05,0.1,1.02636,1,1.5,6.88871e-05,0.790142,2.14197,0.028489,0.01,0.95,10,10000,0.938,0.139,1,1,2.71087,0,1
17,10000,5.96816,5.62342,7.49894,0.00387857,0.00251189,0.00398107,0.142554,0.1,0.15,1.18619,1,1.5,6.88871e-05,0.790142,2.14197,0.028489,0.01,0.95,10,10000,0.938,0.139,1,1,2.71087,0,1
18,10000,7.10246,5.62342,7.49894,0.00564231,0.00398107,0.00630957,0.0733393,0.05,0.1,0.756709,0.7,0.8,2.18358e-05,2.49272,6.75744,0.0898764,0.01,0.95,10,10000,0.938,0.139,1,1,2.71087,0,1
19,10000,6.42736,5.62342,7.49894,0.00501328,0.00398107,0.00630957,0.103051,0.1,0.15,1.05208,1,1.5,0.000109179,0,0,0,0.01,0.95,10,10000,0.938,0.139,0,1,2.71087,0,0
20,10000,7.19054,5.62342,7.49894,0.00725228,0.00630957,0.01,0.12028,0.1,0.15,1.4448,1,1.5,0.000173037,0.31456,0.85273,0.0113416,0.01,0.95,10,10000,0.938,0.139,1,1,2.71087,0,1
21,10000,8.17775,7.49894,10,0.00734438,0.00630957,0.01,0.0545629,0.05,0.1,0.520597,0.5,0.6,4.61499e-05,1.17943,3.19728,0.0425249,0.01,0.95,10,10000,0.938,0.139,1,1,2.71087,0,1
22,10000,8.17775,7.49894,10,0.00734438,0.00630957,0.01,0.063436,0.05,0.1,0.843948,0.8,0.9,4.61499e-05,1.17943,3.19728,0.0425249,0.01,0.95,10,10000,0.938,0.139,1,1,2.71087,0,1
23,10000,8.62973,7.49894,10,0.00848544,0.00630957,0.01,0.0573144,0.05,0.1,1.35305,1,1.5,0.00023075,0.943543,1.27891,0.0340199,0.01,0.95,10,10000,0.938,0.139,4,4,1.35543,0,1
24,10000,8.56687,7.49894,10,0.0107361,0.01,0.0158489,0.0707674,0.05,0.1,0.821922,0.8,0.9,7.31423e-05,0.744174,2.01736,0.0268316,0.01,0.95,10,10000,0.938,0.139,1,1,2.71087,0,1
25,10000,8.56687,7.49894,10,0.0107361,0.01,0.0158489,0.0960973,0.05,0.1,1.49267,1,1.5,0.000365711,0.148835,0.403472,0.00536631,0.01,0.95,10,10000,0.938,0.139,1,1,2.71087,0,1
26,10000,10.4598,10,13.3352,0.011654,0.01,0.0158489,0.0622029,0.05,0.1,0.457602,0.4,0.5,9.75367e-05,0.558052,1.51281,0.0201208,0.01,0.95,10,10000,0.938,0.139,1,1,2.71087,0,1
27,10000,10.5565,10,13.3352,0.0122326,0.01,0.0158489,0.0644149,0.05,0.1,0.664842,0.6,0.7,9.75367e-05,0.558052,1.51281,0.0201208,0.01,0.95,10,10000,0.938,0.139,1,1,2.71087,0,1
28,10000,10.7986,10,13.3352,0.0149146,0.01,0.0158489,0.0691462,0.05,0.1,1.18845,1,1.5,0.000487684,0.11161,0.302561,0.00402417,0.01,0.95,10,10000,0.938,0.139,1,1,2.71087,0,1
29,10000,13.8478,13.3352,17.7828,0.020191,0.0158489,0.0251189,0.0534565,0.05,0.1,0.421622,0.4,0.5,0.000206146,0.264039,0.715777,0.00952008,0.01,0.95,10,10000,0.938,0.139,1,1,2.71087,0,1
30,10000,13.8661,13.3352,17.7828,0.0207837,0.0158489,0.0251189,0.0604309,0.05,0.1,0.945799,0.9,1,0.000206146,0.264039,0.715777,0.00952008,0.01,0.95,10,10000,0.938,0.139,1,1,2.71087,0,1
31,10000,14.2599,13.3352,17.7828,0.0222157,0.0158489,0.0251189,0.0776826,0.05,0.1,1.3725,1,1.5,0.00103073,0.0528079,0.143155,0.00190402,0.01,0.95,10,10000,0.938,0.139,1,1,2.71087,0,1
32,10000,15.0321,13.3352,17.7828,0.0246595,0.0158489,0.0251189,0.327113,0.3,0.4,0.66192,0.6,0.7,0.000412291,0.13202,0.357888,0.00476004,0.01,0.95,10,10000,0.938,0.139,1,1,2.71087,0,1
33,10000,17.5643,13.3352,17.7828,0.0338937,0.0251189,0.0398107,0.053467,0.05,0.1,0.785615,0.7,0.8,0.000326715,0.166599,0.451629,0.00600683,0.01,0.95,10,10000,0.938,0.139,1,1,2.71087,0,1
34,10000,16.7426,13.3352,17.7828,0.0304736,0.0251189,0.0398107,0.0629326,0.05,0.1,1.12345,1,1.5,0.00163358,0.0666398,0.221252,0.00240273,0.01,0.95,10,10000,0.938,0.139,2,1,2.71087,0,0.5
35,10000,16.3734,13.3352,17.7828,0.0303512,0.0251189,0.0398107,0.122624,0.1,0.15,0.709666,0.7,0.8,0.000326715,0.166599,0.451629,0.00600683,0.01,0.95,10,10000,0.938,0.139,1,1,2.71087,0,1
36,10000,17.8008,17.7828,23.7137,0.0346069,0.0251189,0.0398107,0.0525688,0.05,0.1,1.29327,1,1.5,0.0021784,0.0249865,0.0677351,0.0009009,0.01,0.95,10,10000,0.938,0.139,1,1,2.71087,0,1
37,10000,19.6714,17.7828,23.7137,0.0473811,0.0398107,0.0630957,0.0775319,0.05,0.1,0.519492,0.5,0.6,0.000690508,0.157654,0.523429,0.00568428,0.01,0.95,10,10000,0.938,0.139,2,1,2.71087,0,0.5
38,10000,19.6714,17.7828,23.7137,0.0473811,0.0398107,0.0630957,0.0610135,0.05,0.1,0.757037,0.7,0.8,0.000690508,0.157654,0.523429,0.00568428,0.01,0.95,10,10000,0.938,0.139,2,1,2.71087,0,0.5
39,10000,21.0182,17.7828,23.7137,0.0522486,0.0398107,0.0630957,0.0817558,0.05,0.1,1.38642,1,1.5,0.00345254,0.0472961,0.165523,0.00170528,0.01,0.95,10,10000,0.938,0.139,3,1,2.71087,0,0.333333
40,10000,20.7402,17.7828,23.7137,0.0510276,0.0398107,0.0630957,0.109136,0.1,0.15,0.581511,0.5,0.6,0.000690508,0.0788268,0.213689,0.00284214,0.01,0.95,10,10000,0.938,0.139,1,1,2.71087,0,1
41,10000,21.5105,17.7828,23.7137,0.0573555,0.0398107,0.0630957,0.114036,0.1,0.15,0.925305,0.9,1,0.000690508,0.0788268,0.213689,0.00284214,0.01,0.95,10,10000,0.938,0.139,1,1,2.71087,0,1
42,10000,21.185,17.7828,23.7137,0.0566757,0.0398107,0.0630957,0.183641,0.15,0.2,0.748949,0.7,0.8,0.000690508,0.0788268,0.213689,0.00284214,0.01,0.95,10,10000,0.938,0.139,1,1,2.71087,0,1
43,10000,22.3679,17.7828,23.7137,0.0637988,0.0630957,0.1,0.0552969,0.05,0.1,1.28666,1,1.5,0.00547192,0.0198945,0.0660522,0.000717306,0.01,0.95,10,10000,0.938,0.139,2,1,2.71087,0,0.5
44,10000,25.0731,23.7137,31.6228,0.0872642,0.0630957,0.1,0.0570774,0.05,0.1,0.775504,0.7,0.8,0.00145939,0.0372968,0.101107,0.00134476,0.01,0.95,10,10000,0.938,0.139,1,1,2.71087,0,1
45,10000,30.7096,23.7137,31.6228,0.14547,0.1,0.251189,0.0737838,0.05,0.1,0.785929,0.7,0.8,0.0059788,0.00910392,0.0246795,0.000328247,0.01,0.95,10,10000,0.938,0.139,1,1,2.71087,0,1
46,10000,27.3156,23.7137,31.6228,0.110905,0.1,0.251189,0.056021,0.05,0.1,1.17496,1,1.5,0.029894,0.00182078,0.00493591,6.56493e-05,0.01,0.95,10,10000,0.938,0.139,1,1,2.71087,0,1
47,10000,35.746,31.6228,100,0.180331,0.1,0.251189,0.068443,0.05,0.1,0.0664617,0,0.1,0.0516894,5.43048,0.277936,0.195799,0.01,0.95,10,10000,0.938,0.139,5157,3634,0.0449693,0,0.704673
48,10000,35.8037,31.6228,100,0.181997,0.1,0.251189,0.0696376,0.05,0.1,0.153696,0.1,0.2,0.0516894,14.4476,0.455961,0.520915,0.01,0.95,10,10000,0.938,0.139,13720,9596,0.0276735,0,0.699417
49,10000,35.8208,31.6228,100,0.18149,0.1,0.251189,0.0698629,0.05,0.1,0.250948,0.2,0.3,0.0516894,18.6966,0.523129,0.674114,0.01,0.95,10,10000,0.938,0.139,17755,12281,0.024462,0,0.691692
50,10000,35.8348,31.6228,100,0.182055,0.1,0.251189,0.0703416,0.05,0.1,0.348967,0.3,0.4,0.0516894,18.129,0.513846,0.65365,0.01,0.95,10,10000,0.938,0.139,17216,11947,0.0248016,0,0.693947
51,10000,35.8876,31.6228,100,0.181152,0.1,0.251189,0.0707838,0.05,0.1,0.448217,0.4,0.5,0.0516894,15.5048,0.479027,0.559035,0.01,0.95,10,10000,0.938,0.139,14724,10111,0.0269595,0,0.686702
52,10000,35.8755,31.6228,100,0.182321,0.1,0.251189,0.0709579,0.05,0.1,0.547861,0.5,0.6,0.0516894,12.4858,0.431975,0.450181,0.01,0.95,10,10000,0.938,0.139,11857,8090,0.0301394,0,0.682297
53,10000,35.8628,31.6228,100,0.182544,0.1,0.251189,0.0714259,0.05,0.1,0.64788,0.6,0.7,0.0516894,9.85848,0.392421,0.355452,0.01,0.95,10,10000,0.938,0.139,9362,6203,0.0344197,0,0.662572
54,10000,35.7959,31.6228,100,0.181264,0.1,0.251189,0.0714419,0.05,0.1,0.748051,0.7,0.8,0.0516894,7.75347,0.347774,0.279555,0.01,0.95,10,10000,0.938,0.139,7363,4883,0.0387941,0,0.663181
55,10000,35.8531,31.6228,100,0.181841,0.1,0.251189,0.0711555,0.05,0.1,0.847771,0.8,0.9,0.0516894,6.24026,0.320007,0.224996,0.01,0.95,10,10000,0.938,0.139,5926,3798,0.0439877,0,0.640904
56,10000,35.8137,31.6228,100,0.182048,0.1,0.251189,0.0719854,0.05,0.1,0.949034,0.9,1,0.0516894,4.91976,0.290349,0.177384,0.01,0.95,10,10000,0.938,0.139,4672,2907,0.0502789,0,0.622217
57,10000,35.8228,31.6228,100,0.181268,0.1,0.251189,0.0716142,0.05,0.1,1.21108,1,1.5,0.258447,2.93669,0.102661,0.105884,0.01,0.95,10,10000,0.938,0.139,13944,8403,0.0295727,0,0.602625
58,10000,35.9272,31.6228,100,0.178727,0.1,0.251189,0.12048,0.1,0.15,0.0649184,0,0.1,0.0516894,1.73118,0.186963,0.0624187,0.01,0.95,10,10000,0.938,0.139,1644,911,0.0898151,0,0.554136
59,10000,35.9312,31.6228,100,0.180215,0.1,0.251189,0.12095,0.1,0.15,0.154144,0.1,0.2,0.0516894,5.07772,0.313937,0.18308,0.01,0.95,10,10000,0.938,0.139,4822,2749,0.0517037,0,0.570095
60,10000,35.8082,31.6228,100,0.17946,0.1,0.251189,0.120908,0.1,0.15,0.251746,0.2,0.3,0.0516894,7.13007,0.37101,0.257078,0.01,0.95,10,10000,0.938,0.139,6771,3875,0.0435485,0,0.572294
61,10000,35.7313,31.6228,100,0.178347,0.1,0.251189,0.121717,0.1,0.15,0.349974,0.3,0.4,0.0516894,7.62184,0.380454,0.274809,0.01,0.95,10,10000,0.938,0.139,7238,4191,0.0418745,0,0.579027
62,10000,35.8676,31.6228,100,0.18013,0.1,0.251189,0.120703,0.1,0.15,0.448897,0.4,0.5,0.0516894,7.05636,0.369556,0.254421,0.01,0.95,10,10000,0.938,0.139,6701,3828,0.043815,0,0.571258
63,10000,35.7952,31.6228,100,0.179726,0.1,0.251189,0.121266,0.1,0.15,0.549146,0.5,0.6,0.0516894,5.82537,0.332768,0.210037,0.01,0.95,10,10000,0.938,0.139,5532,3201,0.0479144,0,0.578633
64,10000,35.8218,31.6228,100,0.17891,0.1,0.251189,0.122204,0.1,0.15,0.649199,0.6,0.7,0.0516894,4.7597,0.298658,0.171613,0.01,0.95,10,10000,0.938,0.139,4520,2642,0.0527403,0,0.584513
65,10000,35.681,31.6228,100,0.17917,0.1,0.251189,0.121778,0.1,0.15,0.748508,0.7,0.8,0.0516894,3.86568,0.271993,0.139379,0.01,0.95,10,10000,0.938,0.139,3671,2114,0.0589598,0,0.575865
66,10000,35.7287,31.6228,100,0.179403,0.1,0.251189,0.122057,0.1,0.15,0.848908,0.8,0.9,0.0516894,3.02641,0.239852,0.109119,0.01,0.95,10,10000,0.938,0.139,2874,1663,0.0664756,0,0.578636
67,10000,35.8709,31.6228,100,0.179413,0.1,0.251189,0.122456,0.1,0.15,0.94734,0.9,1,0.0516894,2.42408,0.21264,0.0874013,0.01,0.95,10,10000,0.938,0.139,2302,1350,0.0737805,0,0.586447
68,10000,35.881,31.6228,100,0.179576,0.1,0.251189,0.122367,0.1,0.15,1.21436,1,1.5,0.258447,1.45318,0.0745989,0.0523952,0.01,0.95,10,10000,0.938,0.139,6900,3972,0.0430134,0,0.575652
69,10000,35.7282,31.6228,100,0.178952,0.1,0.251189,0.172004,0.15,0.2,0.0672201,0,0.1,0.0516894,0.836107,0.14098,0.0301463,0.01,0.95,10,10000,0.938,0.139,794,390,0.13727,0,0.491184
70,10000,35.7146,31.6228,100,0.180117,0.1,0.251189,0.172075,0.15,0.2,0.156531,0.1,0.2,0.0516894,2.37353,0.244281,0.0855789,0.01,0.95,10,10000,0.938,0.139,2254,1061,0.0832244,0,0.470719
71,10000,35.7126,31.6228,100,0.180253,0.1,0.251189,0.172373,0.15,0.2,0.253231,0.2,0.3,0.0516894,3.31915,0.286312,0.119674,0.01,0.95,10,10000,0.938,0.139,3152,1504,0.0699012,0,0.477157
72,10000,35.7333,31.6228,100,0.181252,0.1,0.251189,0.172142,0.15,0.2,0.351258,0.3,0.4,0.0516894,3.81618,0.300078,0.137594,0.01,0.95,10,10000,0.938,0.139,3624,1790,0.064074,0,0.493929
73,10000,35.8542,31.6228,100,0.180527,0.1,0.251189,0.171772,0.15,0.2,0.449211,0.4,0.5,0.0516894,3.81829,0.300494,0.13767,0.01,0.95,10,10000,0.938,0.139,3626,1788,0.0641099,0,0.493105
74,10000,35.7666,31.6228,100,0.181555,0.1,0.251189,0.172082,0.15,0.2,0.548586,0.5,0.6,0.0516894,3.27809,0.278672,0.118193,0.01,0.95,10,10000,0.938,0.139,3113,1533,0.0692369,0,0.492451
75,10000,35.699,31.6228,100,0.180647,0.1,0.251189,0.172642,0.15,0.2,0.647784,0.6,0.7,0.0516894,2.76315,0.251359,0.0996269,0.01,0.95,10,10000,0.938,0.139,2624,1327,0.0744172,0,0.505716
76,10000,35.8073,31.6228,100,0.178784,0.1,0.251189,0.171848,0.15,0.2,0.746689,0.7,0.8,0.0516894,2.16714,0.233851,0.0781373,0.01,0.95,10,10000,0.938,0.139,2058,966,0.0872208,0,0.469388
77,10000,35.775,31.6228,100,0.182102,0.1,0.251189,0.173297,0.15,0.2,0.846123,0.8,0.9,0.0516894,1.83438,0.208923,0.0661395,0.01,0.95,10,10000,0.938,0.139,1742,855,0.0927098,0,0.490815
78,10000,36.0529,31.6228,100,0.179089,0.1,0.251189,0.172937,0.15,0.2,0.948599,0.9,1,0.0516894,1.53637,0.196307,0.0553947,0.01,0.95,10,10000,0.938,0.139,1459,688,0.103351,0,0.471556
79,10000,35.7555,31.6228,100,0.178189,0.1,0.251189,0.172114,0.15,0.2,1.21111,1,1.5,0.258447,0.867908,0.0653088,0.0312929,0.01,0.95,10,10000,0.938,0.139,4121,1974,0.0610148,0,0.47901
80,10000,36.2795,31.6228,100,0.18343,0.1,0.251189,0.220516,0.2,0.25,0.0661359,0,0.1,0.0516894,0.46544,0.111347,0.0167817,0.01,0.95,10,10000,0.938,0.139,442,199,0.192168,0,0.450226
81,10000,35.8652,31.6228,100,0.183006,0.1,0.251189,0.221027,0.2,0.25,0.156969,0.1,0.2,0.0516894,1.26996,0.189328,0.0457889,0.01,0.95,10,10000,0.938,0.139,1206,519,0.118994,0,0.430348
82,10000,35.5907,31.6228,100,0.180241,0.1,0.251189,0.221012,0.2,0.25,0.251403,0.2,0.3,0.0516894,1.8228,0.218425,0.0657219,0.01,0.95,10,10000,0.938,0.139,1731,790,0.0964484,0,0.456384
83,10000,35.8569,31.6228,100,0.181657,0.1,0.251189,0.222103,0.2,0.25,0.349864,0.3,0.4,0.0516894,2.22084,0.252426,0.0800736,0.01,0.95,10,10000,0.938,0.139,2109,896,0.0905638,0,0.424846
84,10000,35.7309,31.6228,100,0.181521,0.1,0.251189,0.222624,0.2,0.25,0.449293,0.4,0.5,0.0516894,2.20715,0.252272,0.07958,0.01,0.95,10,10000,0.938,0.139,2096,887,0.0910221,0,0.423187
85,10000,35.6279,31.6228,100,0.179368,0.1,0.251189,0.222512,0.2,0.25,0.548672,0.5,0.6,0.0516894,2.00076,0.237023,0.0721384,0.01,0.95,10,10000,0.938,0.139,1900,821,0.09461,0,0.432105
86,10000,35.9368,31.6228,100,0.183165,0.1,0.251189,0.222681,0.2,0.25,0.646742,0.6,0.7,0.0516894,1.71012,0.215944,0.0616593,0.01,0.95,10,10000,0.938,0.139,1624,718,0.101169,0,0.442118
87,10000,35.9404,31.6228,100,0.180546,0.1,0.251189,0.223113,0.2,0.25,0.748616,0.7,0.8,0.0516894,1.41843,0.194268,0.0511423,0.01,0.95,10,10000,0.938,0.139,1347,607,0.110031,0,0.450631
88,10000,36.0247,31.6228,100,0.180162,0.1,0.251189,0.222792,0.2,0.25,0.848866,0.8,0.9,0.0516894,1.15833,0.183633,0.0417643,0.01,0.95,10,10000,0.938,0.139,1100,462,0.126121,0,0.42
89,10000,36.0834,31.6228,100,0.180703,0.1,0.251189,0.222643,0.2,0.25,0.947551,0.9,1,0.0516894,0.965629,0.165527,0.0348163,0.01,0.95,10,10000,0.938,0.139,917,393,0.136745,0,0.428571
90,10000,35.9903,31.6228,100,0.180355,0.1,0.251189,0.222697,0.2,0.25,1.20894,1,1.5,0.258447,0.585696,0.0577712,0.0211176,0.01,0.95,10,10000,0.938,0.139,2781,1188,0.0786503,0,0.427184
91,10000,35.5918,31.6228,100,0.176055,0.1,0.251189,0.271548,0.25,0.3,0.0672297,0,0.1,0.0516894,0.284318,0.096617,0.0102512,0.01,0.95,10,10000,0.938,0.139,270,103,0.26711,0,0.381481
92,10000,35.6848,31.6228,100,0.179915,0.1,0.251189,0.27076,0.25,0.3,0.152859,0.1,0.2,0.0516894,0.715008,0.151423,0.02578,0.01,0.95,10,10000,0.938,0.139,679,264,0.166842,0,0.388807
93,10000,35.7159,31.6228,100,0.180782,0.1,0.251189,0.272859,0.25,0.3,0.253771,0.2,0.3,0.0516894,1.05303,0.184887,0.0379676,0.01,0.95,10,10000,0.938,0.139,1000,385,0.138159,0,0.385
94,10000,36.2129,31.6228,100,0.180166,0.1,0.251189,0.27235,0.25,0.3,0.351021,0.3,0.4,0.0516894,1.30892,0.198104,0.0471937,0.01,0.95,10,10000,0.938,0.139,1243,510,0.120039,0,0.410298
95,10000,36.0346,31.6228,100,0.180023,0.1,0.251189,0.272834,0.25,0.3,0.451399,0.4,0.5,0.0516894,1.31524,0.205009,0.0474215,0.01,0.95,10,10000,0.938,0.139,1249,487,0.122841,0,0.389912
96,10000,35.6736,31.6228,100,0.181069,0.1,0.251189,0.273569,0.25,0.3,0.550409,0.5,0.6,0.0516894,1.25416,0.198965,0.0452194,0.01,0.95,10,10000,0.938,0.139,1191,469,0.125176,0,0.393787
97,10000,36.1709,31.6228,100,0.181219,0.1,0.251189,0.273545,0.25,0.3,0.648852,0.6,0.7,0.0516894,1.12674,0.189527,0.0406253,0.01,0.95,10,10000,0.938,0.139,1070,418,0.132593,0,0.390654
98,10000,35.8105,31.6228,100,0.1773,0.1,0.251189,0.273408,0.25,0.3,0.750778,0.7,0.8,0.0516894,0.931932,0.169247,0.0336013,0.01,0.95,10,10000,0.938,0.139,885,356,0.143676,0,0.40226
99,10000,35.8623,31.6228,100,0.179939,0.1,0.251189,0.273337,0.25,0.3,0.848069,0.8,0.9,0.0516894,0.835054,0.172491,0.0301083,0.01,0.95,10,10000,0.938,0.139,793,283,0.161144,0,0.356873
100,10000,36.2688,31.6228,100,0.177868,0.1,0.251189,0.272773,0.25,0.3,0.946005,0.9,1,0.0516894,0.661303,0.143145,0.0238436,0.01,0.95,10,10000,0.938,0.139,628,251,0.171109,0,0.399682
101,10000,36.0479,31.6228,100,0.178744,0.1,0.251189,0.273249,0.25,0.3,1.21814,1,1.5,0.258447,0.39952,0.0506439,0.0144049,0.01,0.95,10,10000,0.938,0.139,1897,737,0.0998562,0,0.388508
102,10000,36.1402,31.6228,100,0.168617,0.1,0.251189,0.337348,0.3,0.4,0.0630752,0,0.1,0.103379,0.133208,0.0484823,0.0048029,0.01,0.95,10,10000,0.938,0.139,253,91,0.284176,0,0.359684
103,10000,36.2592,31.6228,100,0.17813,0.1,0.251189,0.340211,0.3,0.4,0.153277,0.1,0.2,0.103379,0.381724,0.0926155,0.0137632,0.01,0.95,10,10000,0.938,0.139,725,213,0.185746,0,0.293793
104,10000,35.7353,31.6228,100,0.173706,0.1,0.251189,0.341433,0.3,0.4,0.25035,0.2,0.3,0.103379,0.501769,0.0973637,0.0180915,0.01,0.95,10,10000,0.938,0.139,953,324,0.150604,0,0.339979
105,10000,35.948,31.6228,100,0.170344,0.1,0.251189,0.340456,0.3,0.4,0.349949,0.3,0.4,0.103379,0.621288,0.110195,0.0224009,0.01,0.95,10,10000,0.938,0.139,1180,390,0.13727,0,0.330508
106,10000,36.0642,31.6228,100,0.177881,0.1,0.251189,0.339171,0.3,0.4,0.448524,0.4,0.5,0.103379,0.707637,0.124416,0.0255142,0.01,0.95,10,10000,0.938,0.139,1344,404,0.134871,0,0.300595
107,10000,36.1275,31.6228,100,0.177287,0.1,0.251189,0.338702,0.3,0.4,0.549745,0.5,0.6,0.103379,0.705004,0.118274,0.0254193,0.01,0.95,10,10000,0.938,0.139,1339,437,0.129678,0,0.326363
108,10000,36.2306,31.6228,100,0.177841,0.1,0.251189,0.341311,0.3,0.4,0.649992,0.6,0.7,0.103379,0.610231,0.112951,0.0220022,0.01,0.95,10,10000,0.938,0.139,1159,362,0.14248,0,0.312338
109,10000,35.8026,31.6228,100,0.170966,0.1,0.251189,0.340889,0.3,0.4,0.751627,0.7,0.8,0.103379,0.550209,0.109323,0.0198381,0.01,0.95,10,10000,0.938,0.139,1045,316,0.152498,0,0.302392
110,10000,35.9107,31.6228,100,0.175454,0.1,0.251189,0.341177,0.3,0.4,0.850026,0.8,0.9,0.103379,0.470178,0.0941744,0.0169525,0.01,0.95,10,10000,0.938,0.139,893,304,0.155479,0,0.340426
111,10000,36.1539,31.6228,100,0.179043,0.1,0.251189,0.337304,0.3,0.4,0.946053,0.9,1,0.103379,0.380144,0.0872114,0.0137063,0.01,0.95,10,10000,0.938,0.139,722,234,0.177215,0,0.3241
112,10000,36.0601,31.6228,100,0.174175,0.1,0.251189,0.342275,0.3,0.4,1.21278,1,1.5,0.516894,0.244198,0.031077,0.00880468,0.01,0.95,10,10000,0.938,0.139,2319,759,0.0983983,0,0.327296
113,10000,35.3877,31.6228,100,0.16662,0.1,0.251189,0.435777,0.4,0.5,0.0638769,0,0.1,0.103379,0.0542311,0.0389769,0.00195533,0.01,0.95,10,10000,0.938,0.139,103,25,0.542174,0,0.242718
114,10000,36.0835,31.6228,100,0.16994,0.1,0.251189,0.437123,0.4,0.5,0.15861,0.1,0.2,0.103379,0.136894,0.0655933,0.00493578,0.01,0.95,10,10000,0.938,0.139,260,57,0.359063,0,0.219231
115,10000,36.386,31.6228,100,0.165863,0.1,0.251189,0.442472,0.4,0.5,0.255776,0.2,0.3,0.103379,0.213239,0.0807404,0.00768843,0.01,0.95,10,10000,0.938,0.139,405,91,0.284176,0,0.224691
116,10000,36.4292,31.6228,100,0.173079,0.1,0.251189,0.44261,0.4,0.5,0.351484,0.3,0.4,0.103379,0.289584,0.0965641,0.0104411,0.01,0.95,10,10000,0.938,0.139,550,118,0.249556,0,0.214545
117,10000,36.2646,31.6228,100,0.169878,0.1,0.251189,0.43956,0.4,0.5,0.446665,0.4,0.5,0.103379,0.327493,0.0987735,0.0118079,0.01,0.95,10,10000,0.938,0.139,622,143,0.226694,0,0.229904
118,10000,35.8793,31.6228,100,0.164523,0.1,0.251189,0.445584,0.4,0.5,0.552692,0.5,0.6,0.103379,0.318015,0.0935175,0.0114662,0.01,0.95,10,10000,0.938,0.139,604,149,0.222083,0,0.246689
119,10000,36.2996,31.6228,100,0.164872,0.1,0.251189,0.440034,0.4,0.5,0.653353,0.6,0.7,0.103379,0.283792,0.084393,0.0102323,0.01,0.95,10,10000,0.938,0.139,539,144,0.225906,0,0.267161
120,10000,35.3771,31.6228,100,0.163146,0.1,0.251189,0.438191,0.4,0.5,0.750761,0.7,0.8,0.103379,0.264837,0.0895434,0.00954884,0.01,0.95,10,10000,0.938,0.139,503,114,0.253896,0,0.22664
121,10000,36.5519,31.6228,100,0.172047,0.1,0.251189,0.440421,0.4,0.5,0.842397,0.8,0.9,0.103379,0.226402,0.0745857,0.00816303,0.01,0.95,10,10000,0.938,0.139,430,117,0.25062,0,0.272093
122,10000,35.4951,31.6228,100,0.162949,0.1,0.251189,0.440532,0.4,0.5,0.946908,0.9,1,0.103379,0.17533,0.069509,0.0063216,0.01,0.95,10,10000,0.938,0.139,333,82,0.299365,0,0.246246
123,10000,36.0172,31.6228,100,0.168556,0.1,0.251189,0.441266,0.4,0.5,1.21959,1,1.5,0.516894,0.126258,0.0276923,0.00455231,0.01,0.95,10,10000,0.938,0.139,1199,271,0.164674,0,0.226022
124,10000,34.568,31.6228,100,0.157583,0.1,0.251189,0.523042,0.5,0.6,0.063225,0,0.1,0.103379,0.0242197,0.0366499,0.000873254,0.01,0.95,10,10000,0.938,0.139,46,6,1.10671,0,0.130435
125,10000,37.5556,31.6228,100,0.175961,0.1,0.251189,0.540537,0.5,0.6,0.164349,0.1,0.2,0.103379,0.0679205,0.0652487,0.00244891,0.01,0.95,10,10000,0.938,0.139,129,15,0.699943,0,0.116279
126,10000,36.4433,31.6228,100,0.159602,0.1,0.251189,0.535306,0.5,0.6,0.248168,0.2,0.3,0.103379,0.107936,0.0702373,0.00389168,0.01,0.95,10,10000,0.938,0.139,205,32,0.479219,0,0.156098
127,10000,35.0451,31.6228,100,0.151231,0.1,0.251189,0.537221,0.5,0.6,0.341744,0.3,0.4,0.103379,0.117413,0.0793703,0.00423338,0.01,0.95,10,10000,0.938,0.139,223,30,0.494935,0,0.134529
128,10000,36.3066,31.6228,100,0.163815,0.1,0.251189,0.543181,0.5,0.6,0.448782,0.4,0.5,0.103379,0.126364,0.0733368,0.00455611,0.01,0.95,10,10000,0.938,0.139,240,40,0.428626,0,0.166667
129,10000,36.7265,31.6228,100,0.164078,0.1,0.251189,0.54142,0.5,0.6,0.544152,0.5,0.6,0.103379,0.148477,0.0744247,0.00535343,0.01,0.95,10,10000,0.938,0.139,282,53,0.372367,0,0.187943
130,10000,36.4207,31.6228,100,0.162498,0.1,0.251189,0.542178,0.5,0.6,0.640536,0.6,0.7,0.103379,0.141633,0.0874171,0.00510664,0.01,0.95,10,10000,0.938,0.139,269,36,0.451812,0,0.133829
131,10000,36.1731,31.6228,100,0.163239,0.1,0.251189,0.542529,0.5,0.6,0.743873,0.7,0.8,0.103379,0.124258,0.0683866,0.00448017,0.01,0.95,10,10000,0.938,0.139,236,44,0.408679,0,0.186441
132,10000,35.5713,31.6228,100,0.15404,0.1,0.251189,0.543154,0.5,0.6,0.84318,0.8,0.9,0.103379,0.112674,0.0734513,0.00406253,0.01,0.95,10,10000,0.938,0.139,214,32,0.479219,0,0.149533
133,10000,35.4568,31.6228,100,0.154767,0.1,0.251189,0.545532,0.5,0.6,0.938381,0.9,1,0.103379,0.0879281,0.0678257,0.00317029,0.01,0.95,10,10000,0.938,0.139,167,23,0.565255,0,0.137725
134,10000,35.6429,31.6228,100,0.157133,0.1,0.251189,0.54628,0.5,0.6,1.23034,1,1.5,0.516894,0.0589697,0.0213411,0.00212618,0.01,0.95,10,10000,0.938,0.139,560,102,0.268416,0,0.182143
135,10000,34.7685,31.6228,100,0.1483,0.1,0.251189,0.61897,0.6,0.7,0.167199,0.1,0.2,0.103379,0.0284318,0.0534815,0.00102512,0.01,0.95,10,10000,0.938,0.139,54,4,1.35543,0,0.0740741
136,10000,35.0851,31.6228,100,0.147922,0.1,0.251189,0.623193,0.6,0.7,0.259765,0.2,0.3,0.103379,0.0458068,0.051248,0.00165159,0.01,0.95,10,10000,0.938,0.139,87,11,0.817358,0,0.126437
137,10000,35.8037,31.6228,100,0.154312,0.1,0.251189,0.642969,0.6,0.7,0.346764,0.3,0.4,0.103379,0.0642349,0.0693191,0.00231602,0.01,0.95,10,10000,0.938,0.139,122,12,0.782561,0,0.0983607
138,10000,35.5599,31.6228,100,0.14246,0.1,0.251189,0.657113,0.6,0.7,0.446597,0.4,0.5,0.103379,0.0637084,0.0658959,0.00229704,0.01,0.95,10,10000,0.938,0.139,121,13,0.75186,0,0.107438
139,10000,36.991,31.6228,100,0.160386,0.1,0.251189,0.642641,0.6,0.7,0.548999,0.5,0.6,0.103379,0.0710796,0.0620513,0.00256281,0.01,0.95,10,10000,0.938,0.139,135,18,0.638958,0,0.133333
140,10000,36.6226,31.6228,100,0.15343,0.1,0.251189,0.642126,0.6,0.7,0.656722,0.6,0.7,0.103379,0.0542311,0.067772,0.00195533,0.01,0.95,10,10000,0.938,0.139,103,9,0.903623,0,0.0873786
141,10000,36.075,31.6228,100,0.156742,0.1,0.251189,0.640213,0.6,0.7,0.755629,0.7,0.8,0.103379,0.0600228,0.0646559,0.00216415,0.01,0.95,10,10000,0.938,0.139,114,12,0.782561,0,0.105263
142,10000,35.7631,31.6228,100,0.15575,0.1,0.251189,0.64495,0.6,0.7,0.837012,0.8,0.9,0.103379,0.0531781,0.0757092,0.00191736,0.01,0.95,10,10000,0.938,0.139,101,7,1.02461,0,0.0693069
143,10000,35.8371,31.6228,100,0.144379,0.1,0.251189,0.634711,0.6,0.7,0.954484,0.9,1,0.103379,0.0437008,0.0827535,0.00157565,0.01,0.95,10,10000,0.938,0.139,83,4,1.35543,0,0.0481928
144,10000,35.4833,31.6228,100,0.148468,0.1,0.251189,0.654595,0.6,0.7,1.23346,1,1.5,0.516894,0.0330652,0.0225842,0.00119218,0.01,0.95,10,10000,0.938,0.139,314,30,0.494935,0,0.0955414
145,10000,36.469,31.6228,100,0.154512,0.1,0.251189,0.711105,0.7,0.8,0.130111,0.1,0.2,0.103379,0.016322,0.0435272,0.000588497,0.01,0.95,10,10000,0.938,0.139,31,2,1.91687,0,0.0645161
146,10000,32.052,31.6228,100,0.112032,0.1,0.251189,0.712239,0.7,0.8,0.28623,0.2,0.3,0.103379,0.0194811,0.0741792,0.0007024,0.01,0.95,10,10000,0.938,0.139,37,1,2.71087,0,0.027027
147,10000,34.739,31.6228,100,0.13377,0.1,0.251189,0.753626,0.7,0.8,0.337598,0.3,0.4,0.103379,0.0279053,0.052472,0.00100614,0.01,0.95,10,10000,0.938,0.139,53,4,1.35543,0,0.0754717
148,10000,34.7854,31.6228,100,0.150372,0.1,0.251189,0.736194,0.7,0.8,0.440383,0.4,0.5,0.103379,0.0284318,0.0534815,0.00102512,0.01,0.95,10,10000,0.938,0.139,54,4,1.35543,0,0.0740741
149,10000,34.0734,31.6228,100,0.128668,0.1,0.251189,0.762758,0.7,0.8,0.53737,0.5,0.6,0.103379,0.0358031,0.0547861,0.0012909,0.01,0.95,10,10000,0.938,0.139,68,6,1.10671,0,0.0882353
150,10000,33.6168,31.6228,100,0.164521,0.1,0.251189,0.75313,0.7,0.8,0.631621,0.6,0.7,0.103379,0.0294849,0.0555003,0.00106309,0.01,0.95,10,10000,0.938,0.139,56,4,1.35543,0,0.0714286
151,10000,37.1697,31.6228,100,0.157342,0.1,0.251189,0.754965,0.7,0.8,0.744473,0.7,0.8,0.103379,0.0300114,0.0421308,0.00108208,0.01,0.95,10,10000,0.938,0.139,57,7,1.02461,0,0.122807
152,10000,37.3419,31.6228,100,0.152896,0.1,0.251189,0.727724,0.7,0.8,0.864684,0.8,0.9,0.103379,0.032644,0.087777,0.00117699,0.01,0.95,10,10000,0.938,0.139,62,2,1.91687,0,0.0322581
153,10000,36.6379,31.6228,100,0.148124,0.1,0.251189,0.753765,0.7,0.8,0.941488,0.9,1,0.103379,0.0242197,0.052727,0.000873254,0.01,0.95,10,10000,0.938,0.139,46,3,1.56512,0,0.0652174
154,10000,33.178,31.6228,100,0.125129,0.1,0.251189,0.741243,0.7,0.8,1.11335,1,1.5,0.516894,0.0159008,0.0246382,0.00057331,0.01,0.95,10,10000,0.938,0.139,151,6,1.10671,0,0.0397351
155,10000,33.2794,31.6228,100,0.141967,0.1,0.251189,0.813333,0.8,0.9,0.372083,0.3,0.4,0.103379,0.0189546,0.0721606,0.000683416,0.01,0.95,10,10000,0.938,0.139,36,1,2.71087,0,0.0277778
156,10000,43.263,31.6228,100,0.197981,0.1,0.251189,0.845076,0.8,0.9,0.671381,0.6,0.7,0.103379,0.0142159,0.0539933,0.000512562,0.01,0.95,10,10000,0.938,0.139,27,1,2.71087,0,0.037037
157,10000,31.6594,31.6228,100,0.117941,0.1,0.251189,0.805373,0.8,0.9,0.829687,0.8,0.9,0.103379,0.0157955,0.0600491,0.000569514,0.01,0.95,10,10000,0.938,0.139,30,1,2.71087,0,0.0333333
158,10000,33.5837,31.6228,100,0.128101,0.1,0.251189,0.811821,0.8,0.9,1.30344,1,1.5,0.516894,0.00821364,0.0313879,0.000296147,0.01,0.95,10,10000,0.938,0.139,78,1,2.71087,0,0.0128205
159,10000,33.9889,31.6228,100,0.163061,0.1,0.251189,0.968232,0.9,1,0.220492,0.2,0.3,0.103379,0.00473864,0.0176549,0.000170854,0.01,0.95,10,10000,0.938,0.139,9,1,2.71087,0,0.111111
160,10000,36.5425,31.6228,100,0.175864,0.1,0.251189,0.90995,0.9,1,0.408701,0.4,0.5,0.103379,0.00842425,0.0317878,0.000303741,0.01,0.95,10,10000,0.938,0.139,16,1,2.71087,0,0.0625
161,10000,39.9677,31.6228,100,0.38581,0.251189,0.630957,0.068622,0.05,0.1,0.0662826,0,0.1,0.129837,2.32584,0.135706,0.0838593,0.01,0.95,10,10000,0.938,0.139,5548,3108,0.0486259,0,0.560202
162,10000,39.6348,31.6228,100,0.380395,0.251189,0.630957,0.0695499,0.05,0.1,0.154269,0.1,0.2,0.129837,6.32059,0.222124,0.227892,0.01,0.95,10,10000,0.938,0.139,15077,8533,0.0293466,0,0.565961
163,10000,39.6637,31.6228,100,0.381239,0.251189,0.630957,0.0700203,0.05,0.1,0.250523,0.2,0.3,0.129837,8.15049,0.24857,0.29387,0.01,0.95,10,10000,0.938,0.139,19442,11236,0.0255742,0,0.577924
164,10000,39.8018,31.6228,100,0.378094,0.251189,0.630957,0.0701808,0.05,0.1,0.348837,0.3,0.4,0.129837,7.69103,0.241071,0.277304,0.01,0.95,10,10000,0.938,0.139,18346,10627,0.0262968,0,0.579254
165,10000,39.8788,31.6228,100,0.374066,0.251189,0.630957,0.0705086,0.05,0.1,0.448191,0.4,0.5,0.129837,6.37551,0.215917,0.229872,0.01,0.95,10,10000,0.938,0.139,15208,9016,0.0285497,0,0.592846
166,10000,39.8951,31.6228,100,0.373949,0.251189,0.630957,0.0706973,0.05,0.1,0.547958,0.5,0.6,0.129837,5.08641,0.191758,0.183393,0.01,0.95,10,10000,0.938,0.139,12133,7251,0.0318354,0,0.597626
167,10000,39.7226,31.6228,100,0.371399,0.251189,0.630957,0.0706307,0.05,0.1,0.648139,0.6,0.7,0.129837,3.94026,0.167289,0.142068,0.01,0.95,10,10000,0.938,0.139,9399,5687,0.0359474,0,0.605064
168,10000,39.9712,31.6228,100,0.369994,0.251189,0.630957,0.071233,0.05,0.1,0.747892,0.7,0.8,0.129837,2.96305,0.143614,0.106834,0.01,0.95,10,10000,0.938,0.139,7068,4337,0.0411637,0,0.613611
169,10000,40.1257,31.6228,100,0.368776,0.251189,0.630957,0.0706827,0.05,0.1,0.847574,0.8,0.9,0.129837,2.29607,0.127205,0.0827861,0.01,0.95,10,10000,0.938,0.139,5477,3332,0.046963,0,0.608362
170,10000,40.0193,31.6228,100,0.365243,0.251189,0.630957,0.070907,0.05,0.1,0.948508,0.9,1,0.129837,1.84373,0.111103,0.0664768,0.01,0.95,10,10000,0.938,0.139,4398,2772,0.0514887,0,0.630286
171,10000,39.8602,31.6228,100,0.362722,0.251189,0.630957,0.0711385,0.05,0.1,1.21443,1,1.5,0.649187,1.01384,0.0370627,0.0365547,0.01,0.95,10,10000,0.938,0.139,12092,7560,0.031178,0,0.625207
172,10000,39.2838,31.6228,100,0.393237,0.251189,0.630957,0.121545,0.1,0.15,0.0655342,0,0.1,0.129837,0.797358,0.0876898,0.0287492,0.01,0.95,10,10000,0.938,0.139,1902,921,0.0893262,0,0.484227
173,10000,39.0521,31.6228,100,0.39311,0.251189,0.630957,0.12107,0.1,0.15,0.154899,0.1,0.2,0.129837,2.38285,0.148263,0.0859149,0.01,0.95,10,10000,0.938,0.139,5684,2846,0.0508149,0,0.500704
174,10000,38.9266,31.6228,100,0.38948,0.251189,0.630957,0.121358,0.1,0.15,0.252138,0.2,0.3,0.129837,3.27118,0.172536,0.117944,0.01,0.95,10,10000,0.938,0.139,7803,3947,0.0431494,0,0.505831
175,10000,38.9693,31.6228,100,0.389144,0.251189,0.630957,0.121526,0.1,0.15,0.350127,0.3,0.4,0.129837,3.41414,0.176538,0.123098,0.01,0.95,10,10000,0.938,0.139,8144,4110,0.0422851,0,0.504666
176,10000,39.2473,31.6228,100,0.385803,0.251189,0.630957,0.121767,0.1,0.15,0.448011,0.4,0.5,0.129837,3.11439,0.16931,0.112291,0.01,0.95,10,10000,0.938,0.139,7429,3726,0.0444107,0,0.501548
177,10000,39.3039,31.6228,100,0.383937,0.251189,0.630957,0.122108,0.1,0.15,0.548112,0.5,0.6,0.129837,2.47843,0.149929,0.0893612,0.01,0.95,10,10000,0.938,0.139,5912,2998,0.04951,0,0.507104
178,10000,39.5101,31.6228,100,0.386603,0.251189,0.630957,0.122068,0.1,0.15,0.648717,0.6,0.7,0.129837,1.97453,0.136092,0.0711927,0.01,0.95,10,10000,0.938,0.139,4710,2329,0.0561725,0,0.49448
179,10000,39.508,31.6228,100,0.38223,0.251189,0.630957,0.12199,0.1,0.15,0.74812,0.7,0.8,0.129837,1.55112,0.117613,0.0559263,0.01,0.95,10,10000,0.938,0.139,3700,1900,0.0621916,0,0.513514
180,10000,39.8001,31.6228,100,0.38118,0.251189,0.630957,0.121978,0.1,0.15,0.847582,0.8,0.9,0.129837,1.16627,0.102351,0.0420506,0.01,0.95,10,10000,0.938,0.139,2782,1421,0.0719137,0,0.510784
181,10000,39.9283,31.6228,100,0.37638,0.251189,0.630957,0.121889,0.1,0.15,0.947372,0.9,1,0.129837,0.958339,0.0935132,0.0345534,0.01,0.95,10,10000,0.938,0.139,2286,1154,0.0798005,0,0.504812
182,10000,39.6195,31.6228,100,0.370427,0.251189,0.630957,0.121899,0.1,0.15,1.20876,1,1.5,0.649187,0.519415,0.0311366,0.0187278,0.01,0.95,10,10000,0.938,0.139,6195,3075,0.0488862,0,0.496368
183,10000,38.7736,31.6228,100,0.398586,0.251189,0.630957,0.171375,0.15,0.2,0.0666913,0,0.1,0.129837,0.428863,0.0690445,0.0154629,0.01,0.95,10,10000,0.938,0.139,1023,444,0.128652,0,0.434018
184,10000,38.5723,31.6228,100,0.398466,0.251189,0.630957,0.171207,0.15,0.2,0.154691,0.1,0.2,0.129837,1.13148,0.113725,0.040796,0.01,0.95,10,10000,0.938,0.139,2699,1146,0.0800786,0,0.424602
185,10000,38.4984,31.6228,100,0.396613,0.251189,0.630957,0.171039,0.15,0.2,0.252485,0.2,0.3,0.129837,1.64083,0.13832,0.059161,0.01,0.95,10,10000,0.938,0.139,3914,1636,0.0670219,0,0.417987
186,10000,38.7877,31.6228,100,0.398097,0.251189,0.630957,0.171778,0.15,0.2,0.349909,0.3,0.4,0.129837,1.8626,0.145497,0.0671569,0.01,0.95,10,10000,0.938,0.139,4443,1895,0.0622736,0,0.426514
187,10000,38.8961,31.6228,100,0.395734,0.251189,0.630957,0.172076,0.15,0.2,0.448195,0.4,0.5,0.129837,1.7536,0.139151,0.063227,0.01,0.95,10,10000,0.938,0.139,4183,1825,0.0634567,0,0.43629
188,10000,38.8551,31.6228,100,0.400441,0.251189,0.630957,0.17218,0.15,0.2,0.549,0.5,0.6,0.129837,1.50123,0.131352,0.0541276,0.01,0.95,10,10000,0.938,0.139,3581,1514,0.06967,0,0.422787
189,10000,38.9685,31.6228,100,0.389952,0.251189,0.630957,0.172302,0.15,0.2,0.648464,0.6,0.7,0.129837,1.17298,0.114571,0.0422924,0.01,0.95,10,10000,0.938,0.139,2798,1208,0.0779965,0,0.431737
190,10000,39.2234,31.6228,100,0.389243,0.251189,0.630957,0.172499,0.15,0.2,0.74695,0.7,0.8,0.129837,0.937378,0.105809,0.0337976,0.01,0.95,10,10000,0.938,0.139,2236,917,0.0895208,0,0.410107
191,10000,39.5696,31.6228,100,0.386832,0.251189,0.630957,0.172149,0.15,0.2,0.847896,0.8,0.9,0.129837,0.763401,0.0947532,0.0275248,0.01,0.95,10,10000,0.938,0.139,1821,756,0.0985934,0,0.415157
192,10000,38.6534,31.6228,100,0.385306,0.251189,0.630957,0.171757,0.15,0.2,0.947118,0.9,1,0.129837,0.609128,0.0818406,0.0219624,0.01,0.95,10,10000,0.938,0.139,1453,636,0.107493,0,0.437715
193,10000,39.4155,31.6228,100,0.38281,0.251189,0.630957,0.172834,0.15,0.2,1.21367,1,1.5,0.649187,0.336802,0.0279841,0.0121436,0.01,0.95,10,10000,0.938,0.139,4017,1683,0.0660795,0,0.418969
194,10000,38.7511,31.6228,100,0.413664,0.251189,0.630957,0.22234,0.2,0.25,0.0645128,0,0.1,0.129837,0.232668,0.0572837,0.00838895,0.01,0.95,10,10000,0.938,0.139,555,199,0.192168,0,0.358559
195,10000,38.1703,31.6228,100,0.416957,0.251189,0.630957,0.222929,0.2,0.25,0.155648,0.1,0.2,0.129837,0.637216,0.0999828,0.0229751,0.01,0.95,10,10000,0.938,0.139,1520,499,0.121355,0,0.328289
196,10000,38.3887,31.6228,100,0.416367,0.251189,0.630957,0.222452,0.2,0.25,0.251205,0.2,0.3,0.129837,0.919771,0.117333,0.0331628,0.01,0.95,10,10000,0.938,0.139,2194,749,0.099053,0,0.341386
197,10000,38.5051,31.6228,100,0.413793,0.251189,0.630957,0.222389,0.2,0.25,0.349528,0.3,0.4,0.129837,1.06566,0.128334,0.0384229,0.01,0.95,10,10000,0.938,0.139,2542,845,0.0932567,0,0.332415
198,10000,38.7344,31.6228,100,0.411528,0.251189,0.630957,0.221888,0.2,0.25,0.448319,0.4,0.5,0.129837,1.08578,0.126551,0.0391484,0.01,0.95,10,10000,0.938,0.139,2590,895,0.0906144,0,0.34556
199,10000,38.712,31.6228,100,0.41595,0.251189,0.630957,0.223053,0.2,0.25,0.548581,0.5,0.6,0.129837,0.905936,0.115293,0.032664,0.01,0.95,10,10000,0.938,0.139,2161,750,0.098987,0,0.347062
200,10000,38.3744,31.6228,100,0.406185,0.251189,0.630957,0.222659,0.2,0.25,0.649592,0.6,0.7,0.129837,0.760048,0.109546,0.0274039,0.01,0.95,10,10000,0.938,0.139,1813,592,0.111416,0,0.326531
201,10000,38.7778,31.6228,100,0.399188,0.251189,0.630957,0.223203,0.2,0.25,0.746555,0.7,0.8,0.129837,0.638054,0.0965614,0.0230054,0.01,0.95,10,10000,0.938,0.139,1522,530,0.117753,0,0.348226
202,10000,39.2941,31.6228,100,0.402275,0.251189,0.630957,0.222159,0.2,0.25,0.846801,0.8,0.9,0.129837,0.493423,0.0892838,0.0177906,0.01,0.95,10,10000,0.938,0.139,1177,377,0.139617,0,0.320306
203,10000,38.6508,31.6228,100,0.414934,0.251189,0.630957,0.22185,0.2,0.25,0.947556,0.9,1,0.129837,0.373526,0.0782369,0.0134677,0.01,0.95,10,10000,0.938,0.139,891,282,0.16143,0,0.316498
204,10000,39.4461,31.6228,100,0.396729,0.251189,0.630957,0.22217,0.2,0.25,1.20868,1,1.5,0.649187,0.229314,0.0268927,0.00826803,0.01,0.95,10,10000,0.938,0.139,2735,894,0.090665,0,0.326874
205,10000,38.4027,31.6228,100,0.425889,0.251189,0.630957,0.270692,0.25,0.3,0.0656663,0,0.1,0.129837,0.121574,0.0476934,0.00438342,0.01,0.95,10,10000,0.938,0.139,290,82,0.299365,0,0.282759
206,10000,38.0916,31.6228,100,0.439838,0.251189,0.630957,0.271378,0.25,0.3,0.156781,0.1,0.2,0.129837,0.359272,0.0776221,0.0129537,0.01,0.95,10,10000,0.938,0.139,857,266,0.166214,0,0.310385
207,10000,38.036,31.6228,100,0.443034,0.251189,0.630957,0.271771,0.25,0.3,0.251084,0.2,0.3,0.129837,0.549179,0.0964756,0.0198009,0.01,0.95,10,10000,0.938,0.139,1310,403,0.135038,0,0.307634
208,10000,37.6571,31.6228,100,0.4432,0.251189,0.630957,0.273593,0.25,0.3,0.349629,0.3,0.4,0.129837,0.656919,0.104249,0.0236856,0.01,0.95,10,10000,0.938,0.139,1567,492,0.122215,0,0.313976
209,10000,37.6359,31.6228,100,0.431678,0.251189,0.630957,0.272562,0.25,0.3,0.449797,0.4,0.5,0.129837,0.674946,0.110439,0.0243355,0.01,0.95,10,10000,0.938,0.139,1610,469,0.125176,0,0.291304
210,10000,37.8229,31.6228,100,0.431541,0.251189,0.630957,0.272249,0.25,0.3,0.547865,0.5,0.6,0.129837,0.612063,0.103508,0.0220682,0.01,0.95,10,10000,0.938,0.139,1460,437,0.129678,0,0.299315
211,10000,37.8893,31.6228,100,0.429353,0.251189,0.630957,0.272522,0.25,0.3,0.648909,0.6,0.7,0.129837,0.500131,0.0951515,0.0180325,0.01,0.95,10,10000,0.938,0.139,1193,347,0.145527,0,0.290863
212,10000,38.2029,31.6228,100,0.419758,0.251189,0.630957,0.272035,0.25,0.3,0.746728,0.7,0.8,0.129837,0.429282,0.0881277,0.015478,0.01,0.95,10,10000,0.938,0.139,1024,298,0.157036,0,0.291016
213,10000,38.6169,31.6228,100,0.418435,0.251189,0.630957,0.273331,0.25,0.3,0.849859,0.8,0.9,0.129837,0.342923,0.0801605,0.0123643,0.01,0.95,10,10000,0.938,0.139,818,231,0.178362,0,0.282396
214,10000,39.3903,31.6228,100,0.414839,0.251189,0.630957,0.272203,0.25,0.3,0.946362,0.9,1,0.129837,0.29052,0.0730663,0.0104749,0.01,0.95,10,10000,0.938,0.139,693,199,0.192168,0,0.287157
215,10000,39.2637,31.6228,100,0.406331,0.251189,0.630957,0.273314,0.25,0.3,1.21653,1,1.5,0.649187,0.158885,0.0240659,0.00572867,0.01,0.95,10,10000,0.938,0.139,1895,548,0.115803,0,0.289182
216,10000,38.6357,31.6228,100,0.433663,0.251189,0.630957,0.346408,0.3,0.4,0.0645853,0,0.1,0.259675,0.0687522,0.025163,0.0024789,0.01,0.95,10,10000,0.938,0.139,328,94,0.279605,0,0.286585
217,10000,36.9422,31.6228,100,0.46161,0.251189,0.630957,0.341868,0.3,0.4,0.157325,0.1,0.2,0.259675,0.190746,0.0443005,0.00687743,0.01,0.95,10,10000,0.938,0.139,910,237,0.17609,0,0.26044
218,10000,36.9941,31.6228,100,0.447949,0.251189,0.630957,0.343258,0.3,0.4,0.251705,0.2,0.3,0.259675,0.301629,0.0545242,0.0108754,0.01,0.95,10,10000,0.938,0.139,1439,389,0.137447,0,0.270327
219,10000,37.6064,31.6228,100,0.447101,0.251189,0.630957,0.34299,0.3,0.4,0.351172,0.3,0.4,0.259675,0.367866,0.061143,0.0132636,0.01,0.95,10,10000,0.938,0.139,1755,462,0.126121,0,0.263248
220,10000,37.9839,31.6228,100,0.449916,0.251189,0.630957,0.34289,0.3,0.4,0.44967,0.4,0.5,0.259675,0.373945,0.0615431,0.0134828,0.01,0.95,10,10000,0.938,0.139,1784,471,0.12491,0,0.264013
221,10000,37.7753,31.6228,100,0.448412,0.251189,0.630957,0.34171,0.3,0.4,0.548264,0.5,0.6,0.259675,0.337892,0.0598524,0.0121829,0.01,0.95,10,10000,0.938,0.139,1612,409,0.134044,0,0.253722
222,10000,37.9357,31.6228,100,0.444489,0.251189,0.630957,0.342816,0.3,0.4,0.647949,0.6,0.7,0.259675,0.300162,0.0546454,0.0108225,0.01,0.95,10,10000,0.938,0.139,1432,384,0.138338,0,0.268156
223,10000,38.054,31.6228,100,0.443315,0.251189,0.630957,0.342705,0.3,0.4,0.747121,0.7,0.8,0.259675,0.257611,0.049299,0.00928831,0.01,0.95,10,10000,0.938,0.139,1229,345,0.145948,0,0.280716
224,10000,38.1339,31.6228,100,0.446522,0.251189,0.630957,0.34389,0.3,0.4,0.844832,0.8,0.9,0.259675,0.191374,0.0440315,0.0069001,0.01,0.95,10,10000,0.938,0.139,913,241,0.174622,0,0.263965
225,10000,38.461,31.6228,100,0.428887,0.251189,0.630957,0.341974,0.3,0.4,0.948857,0.9,1,0.259675,0.160981,0.0419129,0.00580425,0.01,0.95,10,10000,0.938,0.139,768,190,0.196667,0,0.247396
226,10000,38.0296,31.6228,100,0.430741,0.251189,0.630957,0.343319,0.3,0.4,1.20556,1,1.5,1.29837,0.100655,0.0155633,0.00362917,0.01,0.95,10,10000,0.938,0.139,2401,545,0.116121,0,0.226989
227,10000,38.3139,31.6228,100,0.438957,0.251189,0.630957,0.440066,0.4,0.5,0.061341,0,0.1,0.259675,0.0306031,0.0195708,0.00110341,0.01,0.95,10,10000,0.938,0.139,146,32,0.479219,0,0.219178
228,10000,35.8689,31.6228,100,0.469606,0.251189,0.630957,0.44398,0.4,0.5,0.156813,0.1,0.2,0.259675,0.0817481,0.0289313,0.00294747,0.01,0.95,10,10000,0.938,0.139,390,102,0.268416,0,0.261538
229,10000,35.7016,31.6228,100,0.470517,0.251189,0.630957,0.442519,0.4,0.5,0.250717,0.2,0.3,0.259675,0.128282,0.0413141,0.00462526,0.01,0.95,10,10000,0.938,0.139,612,127,0.240551,0,0.207516
230,10000,35.9485,31.6228,100,0.472614,0.251189,0.630957,0.443167,0.4,0.5,0.349673,0.3,0.4,0.259675,0.164963,0.048757,0.00594784,0.01,0.95,10,10000,0.938,0.139,787,152,0.219881,0,0.193139
231,10000,36.5347,31.6228,100,0.468757,0.251189,0.630957,0.441215,0.4,0.5,0.447081,0.4,0.5,0.259675,0.165173,0.0469637,0.0059554,0.01,0.95,10,10000,0.938,0.139,788,163,0.212332,0,0.206853
232,10000,36.6924,31.6228,100,0.470532,0.251189,0.630957,0.441794,0.4,0.5,0.545147,0.5,0.6,0.259675,0.155531,0.0449997,0.00560775,0.01,0.95,10,10000,0.938,0.139,742,157,0.216351,0,0.21159
233,10000,36.8152,31.6228,100,0.450312,0.251189,0.630957,0.439467,0.4,0.5,0.643905,0.6,0.7,0.259675,0.143374,0.0401273,0.00516941,0.01,0.95,10,10000,0.938,0.139,684,165,0.211041,0,0.241228
234,10000,36.928,31.6228,100,0.459124,0.251189,0.630957,0.441516,0.4,0.5,0.748928,0.7,0.8,0.259675,0.127862,0.0417235,0.00461014,0.01,0.95,10,10000,0.938,0.139,610,124,0.243443,0,0.203279
235,10000,36.4897,31.6228,100,0.448108,0.251189,0.630957,0.445183,0.4,0.5,0.844775,0.8,0.9,0.259675,0.106901,0.0365376,0.00385438,0.01,0.95,10,10000,0.938,0.139,510,112,0.256153,0,0.219608
236,10000,37.8904,31.6228,100,0.445305,0.251189,0.630957,0.445637,0.4,0.5,0.949849,0.9,1,0.259675,0.0890844,0.0344709,0.00321199,0.01,0.95,10,10000,0.938,0.139,425,88,0.28898,0,0.207059
237,10000,37.4632,31.6228,100,0.440317,0.251189,0.630957,0.440843,0.4,0.5,1.22918,1,1.5,1.29837,0.0526961,0.0122618,0.00189998,0.01,0.95,10,10000,0.938,0.139,1257,245,0.173191,0,0.194909
238,10000,37.4263,31.6228,100,0.434964,0.251189,0.630957,0.546403,0.5,0.6,0.0793711,0,0.1,0.259675,0.0102709,0.0143414,0.000370323,0.01,0.95,10,10000,0.938,0.139,49,7,1.02461,0,0.142857
239,10000,35.2835,31.6228,100,0.459442,0.251189,0.630957,0.542867,0.5,0.6,0.160954,0.1,0.2,0.259675,0.0404548,0.0258185,0.00145862,0.01,0.95,10,10000,0.938,0.139,193,33,0.471902,0,0.170984
240,10000,37.2105,31.6228,100,0.453522,0.251189,0.630957,0.539453,0.5,0.6,0.252171,0.2,0.3,0.259675,0.0603678,0.0302922,0.00217659,0.01,0.95,10,10000,0.938,0.139,288,53,0.372367,0,0.184028
241,10000,35.804,31.6228,100,0.456432,0.251189,0.630957,0.539656,0.5,0.6,0.351203,0.3,0.4,0.259675,0.0781847,0.0371076,0.00281899,0.01,0.95,10,10000,0.938,0.139,373,60,0.349972,0,0.160858
242,10000,36.3834,31.6228,100,0.465777,0.251189,0.630957,0.540055,0.5,0.6,0.450421,0.4,0.5,0.259675,0.0783943,0.0344721,0.00282655,0.01,0.95,10,10000,0.938,0.139,374,69,0.32635,0,0.184492
243,10000,36.4348,31.6228,100,0.459214,0.251189,0.630957,0.542877,0.5,0.6,0.547937,0.5,0.6,0.259675,0.0781847,0.0392855,0.00281899,0.01,0.95,10,10000,0.938,0.139,373,54,0.368903,0,0.144772
244,10000,36.9921,31.6228,100,0.439593,0.251189,0.630957,0.543993,0.5,0.6,0.648513,0.6,0.7,0.259675,0.0674946,0.0299226,0.00243355,0.01,0.95,10,10000,0.938,0.139,322,67,0.331185,0,0.208075
245,10000,36.5946,31.6228,100,0.455832,0.251189,0.630957,0.544886,0.5,0.6,0.748162,0.7,0.8,0.259675,0.0612063,0.0310575,0.00220682,0.01,0.95,10,10000,0.938,0.139,292,52,0.37593,0,0.178082
246,10000,36.8353,31.6228,100,0.455831,0.251189,0.630957,0.537143,0.5,0.6,0.857095,0.8,0.9,0.259675,0.0530314,0.0276021,0.00191208,0.01,0.95,10,10000,0.938,0.139,253,49,0.387267,0,0.193676
247,10000,37.0538,31.6228,100,0.439594,0.251189,0.630957,0.541769,0.5,0.6,0.946695,0.9,1,0.259675,0.0477912,0.0269379,0.00172314,0.01,0.95,10,10000,0.938,0.139,228,42,0.418296,0,0.184211
248,10000,36.01,31.6228,100,0.444235,0.251189,0.630957,0.54498,0.5,0.6,1.21003,1,1.5,1.29837,0.0303097,0.00984785,0.00109283,0.01,0.95,10,10000,0.938,0.139,723,127,0.240551,0,0.175657
249,10000,35.1937,31.6228,100,0.471132,0.251189,0.630957,0.617361,0.6,0.7,0.0881711,0,0.1,0.259675,0.0060787,0.0231024,0.000219171,0.01,0.95,10,10000,0.938,0.139,29,1,2.71087,0,0.0344828
250,10000,34.9909,31.6228,100,0.425522,0.251189,0.630957,0.641753,0.6,0.7,0.156461,0.1,0.2,0.259675,0.0201226,0.0215627,0.000725531,0.01,0.95,10,10000,0.938,0.139,96,12,0.782561,0,0.125
251,10000,35.8186,31.6228,100,0.449607,0.251189,0.630957,0.646754,0.6,0.7,0.247852,0.2,0.3,0.259675,0.0318608,0.0297221,0.00114876,0.01,0.95,10,10000,0.938,0.139,152,16,0.677717,0,0.105263
252,10000,37.1462,31.6228,100,0.434289,0.251189,0.630957,0.641912,0.6,0.7,0.350006,0.3,0.4,0.259675,0.0379395,0.0308055,0.00136793,0.01,0.95,10,10000,0.938,0.139,181,21,0.59156,0,0.116022
253,10000,35.6285,31.6228,100,0.406306,0.251189,0.630957,0.643552,0.6,0.7,0.457752,0.4,0.5,0.259675,0.0358434,0.0253801,0.00129235,0.01,0.95,10,10000,0.938,0.139,171,27,0.521707,0,0.157895
254,10000,37.0918,31.6228,100,0.439562,0.251189,0.630957,0.627432,0.6,0.7,0.55077,0.5,0.6,0.259675,0.0375203,0.0330409,0.00135281,0.01,0.95,10,10000,0.938,0.139,179,18,0.638958,0,0.100559
255,10000,35.9692,31.6228,100,0.425779,0.251189,0.630957,0.637001,0.6,0.7,0.655487,0.6,0.7,0.259675,0.0354242,0.0245791,0.00127724,0.01,0.95,10,10000,0.938,0.139,169,28,0.512306,0,0.16568
256,10000,34.8206,31.6228,100,0.423897,0.251189,0.630957,0.64235,0.6,0.7,0.761513,0.7,0.8,0.259675,0.0333281,0.0361818,0.00120166,0.01,0.95,10,10000,0.938,0.139,159,12,0.782561,0,0.0754717
257,10000,37.4802,31.6228,100,0.417798,0.251189,0.630957,0.633854,0.6,0.7,0.84454,0.8,0.9,0.259675,0.0308127,0.0387687,0.00111097,0.01,0.95,10,10000,0.938,0.139,147,9,0.903623,0,0.0612245
258,10000,35.079,31.6228,100,0.40324,0.251189,0.630957,0.642271,0.6,0.7,0.934669,0.9,1,0.259675,0.0243148,0.0262042,0.000876683,0.01,0.95,10,10000,0.938,0.139,116,12,0.782561,0,0.103448
259,10000,34.7378,31.6228,100,0.423483,0.251189,0.630957,0.643779,0.6,0.7,1.21355,1,1.5,1.29837,0.0164754,0.0096036,0.000594028,0.01,0.95,10,10000,0.938,0.139,393,41,0.423367,0,0.104326
260,10000,31.9934,31.6228,100,0.319196,0.251189,0.630957,0.761815,0.7,0.8,0.0480723,0,0.1,0.259675,0.00377299,0.0142624,0.000136037,0.01,0.95,10,10000,0.938,0.139,18,1,2.71087,0,0.0555556
261,10000,33.3187,31.6228,100,0.413319,0.251189,0.630957,0.704084,0.7,0.8,0.119731,0.1,0.2,0.259675,0.00922286,0.0247162,0.000332535,0.01,0.95,10,10000,0.938,0.139,44,2,1.91687,0,0.0454545
262,10000,34.0837,31.6228,100,0.394449,0.251189,0.630957,0.754195,0.7,0.8,0.265479,0.2,0.3,0.259675,0.0142535,0.031199,0.000513918,0.01,0.95,10,10000,0.938,0.139,68,3,1.56512,0,0.0441176
263,10000,34.5816,31.6228,100,0.412768,0.251189,0.630957,0.71436,0.7,0.8,0.360517,0.3,0.4,0.259675,0.0188649,0.0357577,0.000680185,0.01,0.95,10,10000,0.938,0.139,90,4,1.35543,0,0.0444444
264,10000,33.3881,31.6228,100,0.376031,0.251189,0.630957,0.720136,0.7,0.8,0.456943,0.4,0.5,0.259675,0.0211707,0.0250226,0.000763319,0.01,0.95,10,10000,0.938,0.139,101,10,0.857252,0,0.0990099
265,10000,33.8309,31.6228,100,0.405519,0.251189,0.630957,0.746661,0.7,0.8,0.543205,0.5,0.6,0.259675,0.0186553,0.0287015,0.000672628,0.01,0.95,10,10000,0.938,0.139,89,6,1.10671,0,0.0674157
266,10000,33.9263,31.6228,100,0.385015,0.251189,0.630957,0.740294,0.7,0.8,0.640987,0.6,0.7,0.259675,0.0197034,0.0261322,0.000710416,0.01,0.95,10,10000,0.938,0.139,94,8,0.958437,0,0.0851064
267,10000,34.04,31.6228,100,0.396462,0.251189,0.630957,0.746459,0.7,0.8,0.734387,0.7,0.8,0.259675,0.015092,0.0285247,0.000544148,0.01,0.95,10,10000,0.938,0.139,72,4,1.35543,0,0.0555556
268,10000,32.8906,31.6228,100,0.398501,0.251189,0.630957,0.747463,0.7,0.8,0.846509,0.8,0.9,0.259675,0.012367,0.0161845,0.000445899,0.01,0.95,10,10000,0.938,0.139,59,8,0.958437,0,0.135593
269,10000,34.2955,31.6228,100,0.397831,0.251189,0.630957,0.722662,0.7,0.8,0.948161,0.9,1,0.259675,0.0163496,0.0358388,0.000589494,0.01,0.95,10,10000,0.938,0.139,78,3,1.56512,0,0.0384615
270,10000,34.4415,31.6228,100,0.413096,0.251189,0.630957,0.741979,0.7,0.8,1.22726,1,1.5,1.29837,0.0075879,0.00762283,0.000273586,0.01,0.95,10,10000,0.938,0.139,181,14,0.72451,0,0.0773481
271,10000,37.8475,31.6228,100,0.416639,0.251189,0.630957,0.82109,0.8,0.9,0.206881,0.2,0.3,0.259675,0.00524026,0.0198879,0.00018894,0.01,0.95,10,10000,0.938,0.139,25,1,2.71087,0,0.04
272,10000,36.2903,31.6228,100,0.4016,0.251189,0.630957,0.819059,0.8,0.9,0.42383,0.4,0.5,0.259675,0.0100613,0.0383711,0.000362765,0.01,0.95,10,10000,0.938,0.139,48,1,2.71087,0,0.0208333
273,10000,32.1664,31.6228,100,0.361469,0.251189,0.630957,0.866781,0.8,0.9,0.511768,0.5,0.6,0.259675,0.00922286,0.0351567,0.000332535,0.01,0.95,10,10000,0.938,0.139,44,1,2.71087,0,0.0227273
274,10000,40.9724,31.6228,100,0.387377,0.251189,0.630957,0.812305,0.8,0.9,0.778088,0.7,0.8,0.259675,0.00691715,0.0263169,0.000249401,0.01,0.95,10,10000,0.938,0.139,33,1,2.71087,0,0.030303
275,10000,31.7872,31.6228,100,0.37277,0.251189,0.630957,0.861256,0.8,0.9,0.821798,0.8,0.9,0.259675,0.00964208,0.0367639,0.00034765,0.01,0.95,10,10000,0.938,0.139,46,1,2.71087,0,0.0217391
276,10000,41.095,31.6228,100,0.51062,0.251189,0.630957,0.816323,0.8,0.9,0.983637,0.9,1,0.259675,0.0060787,0.0231024,0.000219171,0.01,0.95,10,10000,0.938,0.139,29,1,2.71087,0,0.0344828
277,10000,33.6008,31.6228,100,0.361549,0.251189,0.630957,0.827961,0.8,0.9,1.18725,1,1.5,1.29837,0.00364722,0.00800292,0.000131502,0.01,0.95,10,10000,0.938,0.139,87,3,1.56512,0,0.0344828
278,10000,35.7372,31.6228,100,0.352672,0.251189,0.630957,0.924494,0.9,1,0.65609,0.6,0.7,0.259675,0.00230572,0.0086363,8.31337e-05,0.01,0.95,10,10000,0.938,0.139,11,1,2.71087,0,0.0909091
279,10000,40.8151,31.6228,100,0.695977,0.630957,1,0.0711357,0.05,0.1,0.0667972,0,0.1,0.126171,0.0681619,0.0187871,0.00245761,0.01,0.95,10,10000,0.938,0.139,158,120,0.247467,0,0.759494
280,10000,40.7693,31.6228,100,0.695228,0.630957,1,0.0714939,0.05,0.1,0.153674,0.1,0.2,0.126171,0.207074,0.0317928,0.00746616,0.01,0.95,10,10000,0.938,0.139,480,378,0.139432,0,0.7875
281,10000,41.6195,31.6228,100,0.693892,0.630957,1,0.0707515,0.05,0.1,0.249399,0.2,0.3,0.126171,0.255823,0.0348424,0.00922382,0.01,0.95,10,10000,0.938,0.139,593,475,0.124383,0,0.801012
282,10000,40.7686,31.6228,100,0.697825,0.630957,1,0.0709757,0.05,0.1,0.345916,0.3,0.4,0.126171,0.232527,0.0310563,0.00838388,0.01,0.95,10,10000,0.938,0.139,539,467,0.125444,0,0.866419
283,10000,40.6983,31.6228,100,0.694067,0.630957,1,0.0722026,0.05,0.1,0.447883,0.4,0.5,0.126171,0.187229,0.0294979,0.00675065,0.01,0.95,10,10000,0.938,0.139,434,352,0.14449,0,0.81106
284,10000,41.6201,31.6228,100,0.692366,0.630957,1,0.0707845,0.05,0.1,0.54761,0.5,0.6,0.126171,0.139344,0.0265393,0.0050241,0.01,0.95,10,10000,0.938,0.139,323,249,0.171794,0,0.770898
285,10000,42.0369,31.6228,100,0.695878,0.630957,1,0.0716511,0.05,0.1,0.651106,0.6,0.7,0.126171,0.103106,0.0209533,0.00371753,0.01,0.95,10,10000,0.938,0.139,239,204,0.189799,0,0.853556
286,10000,40.528,31.6228,100,0.685493,0.630957,1,0.071459,0.05,0.1,0.751035,0.7,0.8,0.126171,0.0703189,0.0195627,0.00253538,0.01,0.95,10,10000,0.938,0.139,163,120,0.247467,0,0.736196
287,10000,41.6092,31.6228,100,0.688592,0.630957,1,0.0711615,0.05,0.1,0.847429,0.8,0.9,0.126171,0.044866,0.0147839,0.00161767,0.01,0.95,10,10000,0.938,0.139,104,82,0.299365,0,0.788462
288,10000,43.7404,31.6228,100,0.691858,0.630957,1,0.0732557,0.05,0.1,0.949112,0.9,1,0.126171,0.0392578,0.0127385,0.00141546,0.01,0.95,10,10000,0.938,0.139,91,79,0.304997,0,0.868132
289,10000,42.9772,31.6228,100,0.683529,0.630957,1,0.0722794,0.05,0.1,1.19389,1,1.5,0.630853,0.017515,0.00444714,0.000631513,0.01,0.95,10,10000,0.938,0.139,203,146,0.224353,0,0.719212
290,10000,40.2985,31.6228,100,0.694972,0.630957,1,0.124289,0.1,0.15,0.066676,0,0.1,0.126171,0.0271785,0.012672,0.000979933,0.01,0.95,10,10000,0.938,0.139,63,44,0.408679,0,0.698413
291,10000,40.367,31.6228,100,0.697735,0.630957,1,0.1231,0.1,0.15,0.157176,0.1,0.2,0.126171,0.0793784,0.019673,0.00286203,0.01,0.95,10,10000,0.938,0.139,184,145,0.225125,0,0.788043
292,10000,40.0011,31.6228,100,0.693478,0.630957,1,0.121433,0.1,0.15,0.254522,0.2,0.3,0.126171,0.116048,0.0231495,0.00418416,0.01,0.95,10,10000,0.938,0.139,269,219,0.183184,0,0.814126
293,10000,40.1785,31.6228,100,0.691841,0.630957,1,0.124165,0.1,0.15,0.350964,0.3,0.4,0.126171,0.11993,0.0235623,0.00432415,0.01,0.95,10,10000,0.938,0.139,278,226,0.180324,0,0.81295
294,10000,41.0042,31.6228,100,0.691768,0.630957,1,0.124747,0.1,0.15,0.449619,0.4,0.5,0.126171,0.116911,0.0236515,0.00421527,0.01,0.95,10,10000,0.938,0.139,271,216,0.184451,0,0.797048
295,10000,39.5697,31.6228,100,0.691929,0.630957,1,0.121671,0.1,0.15,0.546545,0.5,0.6,0.126171,0.0685933,0.01695,0.00247317,0.01,0.95,10,10000,0.938,0.139,159,137,0.231605,0,0.861635
296,10000,41.0447,31.6228,100,0.694793,0.630957,1,0.121029,0.1,0.15,0.643746,0.6,0.7,0.126171,0.0595338,0.0171347,0.00214652,0.01,0.95,10,10000,0.938,0.139,138,108,0.260854,0,0.782609
297,10000,41.2032,31.6228,100,0.7003,0.630957,1,0.124323,0.1,0.15,0.752503,0.7,0.8,0.126171,0.0457288,0.0166147,0.00164878,0.01,0.95,10,10000,0.938,0.139,106,73,0.317283,0,0.688679
298,10000,42.4234,31.6228,100,0.697141,0.630957,1,0.12938,0.1,0.15,0.851302,0.8,0.9,0.126171,0.0388264,0.0139079,0.0013999,0.01,0.95,10,10000,0.938,0.139,90,70,0.324011,0,0.777778
299,10000,39.6963,31.6228,100,0.689077,0.630957,1,0.123093,0.1,0.15,0.953542,0.9,1,0.126171,0.0267471,0.012201,0.000964379,0.01,0.95,10,10000,0.938,0.139,62,45,0.404113,0,0.725806
300,10000,42.8168,31.6228,100,0.676126,0.630957,1,0.121924,0.1,0.15,1.20852,1,1.5,0.630853,0.0125107,0.00349954,0.00045108,0.01,0.95,10,10000,0.938,0.139,145,114,0.253896,0,0.786207
301,10000,39.1194,31.6228,100,0.706765,0.630957,1,0.175188,0.15,0.2,0.0656015,0,0.1,0.126171,0.0150991,0.00873131,0.000544407,0.01,0.95,10,10000,0.938,0.139,35,27,0.521707,0,0.771429
302,10000,39.9992,31.6228,100,0.704386,0.630957,1,0.174633,0.15,0.2,0.162543,0.1,0.2,0.126171,0.036238,0.0116522,0.00130658,0.01,0.95,10,10000,0.938,0.139,84,77,0.308932,0,0.916667
303,10000,39.9042,31.6228,100,0.700311,0.630957,1,0.171734,0.15,0.2,0.250927,0.2,0.3,0.126171,0.0603966,0.0188573,0.00217763,0.01,0.95,10,10000,0.938,0.139,140,98,0.273839,0,0.7
304,10000,40.4926,31.6228,100,0.688217,0.630957,1,0.171533,0.15,0.2,0.351342,0.3,0.4,0.126171,0.0660048,0.0161731,0.00237984,0.01,0.95,10,10000,0.938,0.139,153,136,0.232455,0,0.888889
305,10000,40.7184,31.6228,100,0.695098,0.630957,1,0.175786,0.15,0.2,0.449729,0.4,0.5,0.126171,0.0642792,0.0205494,0.00231762,0.01,0.95,10,10000,0.938,0.139,149,97,0.275247,0,0.651007
306,10000,40.2578,31.6228,100,0.699743,0.630957,1,0.173215,0.15,0.2,0.549833,0.5,0.6,0.126171,0.0487487,0.0150034,0.00175766,0.01,0.95,10,10000,0.938,0.139,113,92,0.282628,0,0.814159
307,10000,40.0398,31.6228,100,0.69116,0.630957,1,0.173524,0.15,0.2,0.646698,0.6,0.7,0.126171,0.0414148,0.0149586,0.00149323,0.01,0.95,10,10000,0.938,0.139,96,71,0.321721,0,0.739583
308,10000,38.2726,31.6228,100,0.69897,0.630957,1,0.172675,0.15,0.2,0.742852,0.7,0.8,0.126171,0.0301983,0.0125361,0.00108881,0.01,0.95,10,10000,0.938,0.139,70,53,0.372367,0,0.757143
309,10000,41.529,31.6228,100,0.691543,0.630957,1,0.173895,0.15,0.2,0.846756,0.8,0.9,0.126171,0.0185504,0.00948395,0.000668843,0.01,0.95,10,10000,0.938,0.139,43,34,0.46491,0,0.790698
310,10000,40.0847,31.6228,100,0.69398,0.630957,1,0.170238,0.15,0.2,0.952442,0.9,1,0.126171,0.015962,0.00861508,0.000575516,0.01,0.95,10,10000,0.938,0.139,37,30,0.494935,0,0.810811
311,10000,39.7902,31.6228,100,0.686163,0.630957,1,0.174212,0.15,0.2,1.17962,1,1.5,0.630853,0.00647106,0.00248084,0.000233317,0.01,0.95,10,10000,0.938,0.139,75,60,0.349972,0,0.8
312,10000,38.0547,31.6228,100,0.667297,0.630957,1,0.222698,0.2,0.25,0.068401,0,0.1,0.126171,0.00733387,0.00697244,0.000264426,0.01,0.95,10,10000,0.938,0.139,17,11,0.817358,0,0.647059
313,10000,39.3854,31.6228,100,0.695773,0.630957,1,0.223678,0.2,0.25,0.153784,0.1,0.2,0.126171,0.0310611,0.0126233,0.00111992,0.01,0.95,10,10000,0.938,0.139,72,55,0.365534,0,0.763889
314,10000,38.81,31.6228,100,0.688456,0.630957,1,0.223322,0.2,0.25,0.256427,0.2,0.3,0.126171,0.0379636,0.013993,0.0013688,0.01,0.95,10,10000,0.938,0.139,88,67,0.331185,0,0.761364
315,10000,40.5061,31.6228,100,0.697563,0.630957,1,0.222101,0.2,0.25,0.352223,0.3,0.4,0.126171,0.0452974,0.0155893,0.00163322,0.01,0.95,10,10000,0.938,0.139,105,78,0.306946,0,0.742857
316,10000,39.636,31.6228,100,0.698328,0.630957,1,0.221134,0.2,0.25,0.445108,0.4,0.5,0.126171,0.0366694,0.012887,0.00132213,0.01,0.95,10,10000,0.938,0.139,85,70,0.324011,0,0.823529
317,10000,39.8868,31.6228,100,0.683132,0.630957,1,0.223916,0.2,0.25,0.558682,0.5,0.6,0.126171,0.0289041,0.0120209,0.00104215,0.01,0.95,10,10000,0.938,0.139,67,52,0.37593,0,0.776119
318,10000,39.2447,31.6228,100,0.701578,0.630957,1,0.227088,0.2,0.25,0.648723,0.6,0.7,0.126171,0.0297669,0.012493,0.00107326,0.01,0.95,10,10000,0.938,0.139,69,52,0.37593,0,0.753623
319,10000,40.4831,31.6228,100,0.681868,0.630957,1,0.224744,0.2,0.25,0.742437,0.7,0.8,0.126171,0.015962,0.00938557,0.000575516,0.01,0.95,10,10000,0.938,0.139,37,27,0.521707,0,0.72973
320,10000,40.4331,31.6228,100,0.69307,0.630957,1,0.221126,0.2,0.25,0.852836,0.8,0.9,0.126171,0.0138049,0.00704282,0.000497744,0.01,0.95,10,10000,0.938,0.139,32,30,0.494935,0,0.9375
321,10000,37.377,31.6228,100,0.686716,0.630957,1,0.225819,0.2,0.25,0.95854,0.9,1,0.126171,0.0155306,0.00806966,0.000559962,0.01,0.95,10,10000,0.938,0.139,36,31,0.486887,0,0.861111
322,10000,42.541,31.6228,100,0.687147,0.630957,1,0.224554,0.2,0.25,1.19019,1,1.5,0.630853,0.0058671,0.00274279,0.000211541,0.01,0.95,10,10000,0.938,0.139,68,45,0.404113,0,0.661765
323,10000,38.2561,31.6228,100,0.662777,0.630957,1,0.271172,0.25,0.3,0.0751995,0,0.1,0.126171,0.00474545,0.00567788,0.000171099,0.01,0.95,10,10000,0.938,0.139,11,7,1.02461,0,0.636364
324,10000,39.308,31.6228,100,0.690729,0.630957,1,0.273771,0.25,0.3,0.154368,0.1,0.2,0.126171,0.0163934,0.0102967,0.000591071,0.01,0.95,10,10000,0.938,0.139,38,25,0.542174,0,0.657895
325,10000,38.2642,31.6228,100,0.707803,0.630957,1,0.271739,0.25,0.3,0.250986,0.2,0.3,0.126171,0.0241586,0.0104829,0.000871052,0.01,0.95,10,10000,0.938,0.139,56,46,0.399696,0,0.821429
326,10000,38.5544,31.6228,100,0.6933,0.630957,1,0.273174,0.25,0.3,0.352166,0.3,0.4,0.126171,0.0293355,0.0110171,0.00105771,0.01,0.95,10,10000,0.938,0.139,68,59,0.352925,0,0.867647
327,10000,39.8639,31.6228,100,0.697862,0.630957,1,0.274086,0.25,0.3,0.449267,0.4,0.5,0.126171,0.0293355,0.0117033,0.00105771,0.01,0.95,10,10000,0.938,0.139,68,55,0.365534,0,0.808824
328,10000,40.3219,31.6228,100,0.69339,0.630957,1,0.272923,0.25,0.3,0.554259,0.5,0.6,0.126171,0.0211388,0.0094528,0.00076217,0.01,0.95,10,10000,0.938,0.139,49,42,0.418296,0,0.857143
329,10000,42.715,31.6228,100,0.699476,0.630957,1,0.274116,0.25,0.3,0.643817,0.6,0.7,0.126171,0.015962,0.0121031,0.000575516,0.01,0.95,10,10000,0.938,0.139,37,19,0.621916,0,0.513514
330,10000,40.5643,31.6228,100,0.680761,0.630957,1,0.268209,0.25,0.3,0.748756,0.7,0.8,0.126171,0.0112165,0.00619714,0.000404417,0.01,0.95,10,10000,0.938,0.139,26,25,0.542174,0,0.961538
331,10000,42.758,31.6228,100,0.687925,0.630957,1,0.278511,0.25,0.3,0.853049,0.8,0.9,0.126171,0.0120793,0.0125165,0.000435526,0.01,0.95,10,10000,0.938,0.139,28,11,0.817358,0,0.392857
332,10000,40.8468,31.6228,100,0.689938,0.630957,1,0.275067,0.25,0.3,0.954883,0.9,1,0.126171,0.00647106,0.00554733,0.000233317,0.01,0.95,10,10000,0.938,0.139,15,12,0.782561,0,0.8
333,10000,36.7046,31.6228,100,0.679105,0.630957,1,0.278374,0.25,0.3,1.20458,1,1.5,0.630853,0.00491801,0.00244883,0.000177321,0.01,0.95,10,10000,0.938,0.139,57,39,0.434087,0,0.684211
334,10000,41.5535,31.6228,100,0.713257,0.630957,1,0.333308,0.3,0.4,0.0681959,0,0.1,0.252341,0.00258843,0.00220206,9.3327e-05,0.01,0.95,10,10000,0.938,0.139,12,11,0.817358,0,0.916667
335,10000,37.6701,31.6228,100,0.695243,0.630957,1,0.339245,0.3,0.4,0.15854,0.1,0.2,0.252341,0.00819668,0.00485591,0.000295535,0.01,0.95,10,10000,0.938,0.139,38,27,0.521707,0,0.710526
336,10000,38.8645,31.6228,100,0.706142,0.630957,1,0.346539,0.3,0.4,0.246181,0.2,0.3,0.252341,0.0107851,0.00631592,0.000388862,0.01,0.95,10,10000,0.938,0.139,50,30,0.494935,0,0.6
337,10000,37.6508,31.6228,100,0.688179,0.630957,1,0.338332,0.3,0.4,0.346875,0.3,0.4,0.252341,0.0185504,0.00750456,0.000668843,0.01,0.95,10,10000,0.938,0.139,86,59,0.352925,0,0.686047
338,10000,39.8488,31.6228,100,0.700404,0.630957,1,0.340804,0.3,0.4,0.450984,0.4,0.5,0.252341,0.0150991,0.00646282,0.000544407,0.01,0.95,10,10000,0.938,0.139,70,51,0.379598,0,0.728571
339,10000,39.7145,31.6228,100,0.695167,0.630957,1,0.342142,0.3,0.4,0.550913,0.5,0.6,0.252341,0.0150991,0.00801531,0.000544407,0.01,0.95,10,10000,0.938,0.139,70,38,0.439761,0,0.542857
340,10000,40.9169,31.6228,100,0.69452,0.630957,1,0.350837,0.3,0.4,0.637892,0.6,0.7,0.252341,0.00970659,0.00541146,0.000349976,0.01,0.95,10,10000,0.938,0.139,45,31,0.486887,0,0.688889
341,10000,41.6894,31.6228,100,0.687261,0.630957,1,0.338301,0.3,0.4,0.743455,0.7,0.8,0.252341,0.0103537,0.00511574,0.000373308,0.01,0.95,10,10000,0.938,0.139,48,37,0.445664,0,0.770833
342,10000,38.4291,31.6228,100,0.677646,0.630957,1,0.35299,0.3,0.4,0.838321,0.8,0.9,0.252341,0.00647106,0.00531117,0.000233317,0.01,0.95,10,10000,0.938,0.139,30,16,0.677717,0,0.533333
343,10000,39.8169,31.6228,100,0.703239,0.630957,1,0.341836,0.3,0.4,0.941539,0.9,1,0.252341,0.00560825,0.00392943,0.000202208,0.01,0.95,10,10000,0.938,0.139,26,19,0.621916,0,0.730769
344,10000,41.2266,31.6228,100,0.689592,0.630957,1,0.340955,0.3,0.4,1.21646,1,1.5,1.26171,0.00263157,0.00138442,9.48824e-05,0.01,0.95,10,10000,0.938,0.139,61,37,0.445664,0,0.606557
345,10000,39.435,31.6228,100,0.671856,0.630957,1,0.435826,0.4,0.5,0.0451746,0,0.1,0.252341,0.00172562,0.00344286,6.2218e-05,0.01,0.95,10,10000,0.938,0.139,8,3,1.56512,0,0.375
346,10000,43.9802,31.6228,100,0.670738,0.630957,1,0.440261,0.4,0.5,0.162345,0.1,0.2,0.252341,0.00560825,0.00755974,0.000202208,0.01,0.95,10,10000,0.938,0.139,26,7,1.02461,0,0.269231
347,10000,42.0072,31.6228,100,0.669216,0.630957,1,0.435144,0.4,0.5,0.262865,0.2,0.3,0.252341,0.00517685,0.00640551,0.000186654,0.01,0.95,10,10000,0.938,0.139,24,8,0.958437,0,0.333333
348,10000,44.488,31.6228,100,0.703742,0.630957,1,0.421627,0.4,0.5,0.344881,0.3,0.4,0.252341,0.00582396,0.00859389,0.000209986,0.01,0.95,10,10000,0.938,0.139,27,6,1.10671,0,0.222222
349,10000,38.7125,31.6228,100,0.674694,0.630957,1,0.430403,0.4,0.5,0.451448,0.4,0.5,0.252341,0.0099223,0.00752477,0.000357753,0.01,0.95,10,10000,0.938,0.139,46,20,0.606169,0,0.434783
350,10000,48.9423,31.6228,100,0.695815,0.630957,1,0.429357,0.4,0.5,0.53555,0.5,0.6,0.252341,0.00798098,0.00736335,0.000287758,0.01,0.95,10,10000,0.938,0.139,37,14,0.72451,0,0.378378
351,10000,39.7029,31.6228,100,0.674918,0.630957,1,0.423524,0.4,0.5,0.651536,0.6,0.7,0.252341,0.00560825,0.00651722,0.000202208,0.01,0.95,10,10000,0.938,0.139,26,9,0.903623,0,0.346154
352,10000,39.4855,31.6228,100,0.681884,0.630957,1,0.439942,0.4,0.5,0.748493,0.7,0.8,0.252341,0.00388264,0.00429695,0.00013999,0.01,0.95,10,10000,0.938,0.139,18,9,0.903623,0,0.5
353,10000,39.2802,31.6228,100,0.685518,0.630957,1,0.425088,0.4,0.5,0.840533,0.8,0.9,0.252341,0.00388264,0.00400024,0.00013999,0.01,0.95,10,10000,0.938,0.139,18,10,0.857252,0,0.555556
354,10000,36.8393,31.6228,100,0.669347,0.630957,1,0.430503,0.4,0.5,0.955991,0.9,1,0.252341,0.00237272,0.00316697,8.55497e-05,0.01,0.95,10,10000,0.938,0.139,11,6,1.10671,0,0.545455
355,10000,42.4443,31.6228,100,0.670027,0.630957,1,0.43735,0.4,0.5,1.16099,1,1.5,1.26171,0.00138049,0.00125023,4.97744e-05,0.01,0.95,10,10000,0.938,0.139,32,14,0.72451,0,0.4375
356,10000,39.4076,31.6228,100,0.65188,0.630957,1,0.513055,0.5,0.6,0.399725,0.3,0.4,0.252341,0.00301983,0.0113686,0.000108881,0.01,0.95,10,10000,0.938,0.139,14,1,2.71087,0,0.0714286
357,10000,50.889,31.6228,100,0.651511,0.630957,1,0.517717,0.5,0.6,0.458756,0.4,0.5,0.252341,0.00323553,0.00679407,0.000116659,0.01,0.95,10,10000,0.938,0.139,15,3,1.56512,0,0.2
358,10000,46.0597,31.6228,100,0.634154,0.630957,1,0.557279,0.5,0.6,0.670292,0.6,0.7,0.252341,0.00323553,0.0121957,0.000116659,0.01,0.95,10,10000,0.938,0.139,15,1,2.71087,0,0.0666667
359,10000,49.7188,31.6228,100,0.699104,0.630957,1,0.524529,0.5,0.6,0.75287,0.7,0.8,0.252341,0.00366694,0.0138498,0.000132213,0.01,0.95,10,10000,0.938,0.139,17,1,2.71087,0,0.0588235
360,10000,47.8626,31.6228,100,0.720802,0.630957,1,0.519965,0.5,0.6,1.2947,1,1.5,1.26171,0.000905949,0.00239672,3.26644e-05,0.01,0.95,10,10000,0.938,0.139,21,2,1.91687,0,0.0952381
361,10000,60.4519,31.6228,100,0.779775,0.630957,1,0.609319,0.6,0.7,0.679893,0.6,0.7,0.252341,0.00172562,0.00640551,6.2218e-05,0.01,0.95,10,10000,0.938,0.139,8,1,2.71087,0,0.125
